id,content
1,"คำถาม: วันสุดท้ายคณะส่งข้อมูลรายวิชาตามแผนการศึกษาที่เปิดสอน ถึง กองบริการการศึกษา คำตอบ: 27 ก.พ. 68"
2,"คำถาม: วันสุดท้ายของการรับเอกสารขอโอนย้ายสถานศึกษา คำตอบ: 9 พ.ค. 68"
3,"คำถาม: นิสิตยื่นคำร้องขอเทียบโอนรายวิชาและผลการเรียนจากสถานศึกษาเดิม (UP 09) คำตอบ: 9 พ.ค. - 12 มิ.ย. 68"
4,"คำถาม: คณะรับคำร้องขอเทียบโอนรายวิชาและผลการเรียนจากสถานศึกษาเดิม (UP 09) คำตอบ: 9 พ.ค. - 13 มิ.ย. 68"
5,"คำถาม: นิสิตยื่นคำร้องขอย้ายคณะ หลักสูตร และแผนการศึกษา ถึง คณะต้นสังกัดของนิสิต (UP10) คำตอบ: 21 เม.ย. - 2 พ.ค. 68"
6,"คำถาม: คณะต้นสังกัดส่งคำร้องขอย้ายคณะ หลักสูตร และแผนการศึกษา ไปยัง คณะที่รับย้าย คำตอบ: 6 - 9 พ.ค. 68"
7,"คำถาม: คณะที่รับย้ายส่งคำร้องขอย้ายคณะ หลักสูตร และแผนการศึกษา ไปยัง กองบริการการศึกษา คำตอบ: 13 - 16 พ.ค. 68"
8,"คำถาม: คณะตรวจสอบรายวิชาตามแผนการศึกษา คำตอบ: 14 - 16 พ.ค. 68"
9,"คำถาม: วันประกาศตารางเรียนตารางสอน คำตอบ: 19 พ.ค. 68"
10,"คำถาม: วันพบอาจารย์ที่ปรึกษา คำตอบ: 19 พ.ค. 68"
11,"คำถาม: นิสิตยื่นความประสงค์ลงทะเบียนรายวิชาตามแผนการศึกษาผ่านระบบ (UP 20.1) คำตอบ: 19 พ.ค. - 16 มิ.ย. 68"
12,"คำถาม: วันลงทะเบียนเรียน และลงทะเบียนรักษาสภาพการเป็นนิสิต คำตอบ: 27 พ.ค. - 2 มิ.ย. 68"
13,"คำถาม: ชำระเงินค่าลงทะเบียนเรียน (เริ่มชำระได้ตั้งแต่ยืนยันการลงทะเบียน) คำตอบ: 27 พ.ค. - 2 มิ.ย. 68"
14,"คำถาม: นิสิตยื่นคำร้องขอสำเร็จการศึกษา (UP 24) และชำระเงินค่าขึ้นทะเบียนปริญญาบัตร คำตอบ: 27 พ.ค. - 2 มิ.ย. 68"
15,"คำถาม: นิสิตยื่นคำร้องขอผ่อนผันการลงทะเบียนเรียน (UP 18) คำตอบ: 27 พ.ค. - 2 มิ.ย. 68"
16,"คำถาม: คณะส่งคำร้องขอผ่อนผันการลงทะเบียนเรียน (UP 18) ถึง กองบริการการศึกษา คำตอบ: 27 พ.ค. - 6 มิ.ย. 68"
17,"คำถาม: วันสุดท้ายคณะรับคำร้องขอสำเร็จการศึกษา (UP 24) คำตอบ: 6 มิ.ย. 68"
18,"คำถาม: วันสุดท้ายคณะรวบรวมรายชื่อขอสำเร็จการศึกษา (UP 24) ถึง กองบริการการศึกษา คำตอบ: 11 มิ.ย. 68"
19,"คำถาม: คณะส่งแบบฟอร์มการขอเปลี่ยนแปลงตารางเรียนตารางสอน (UP 20) ถึง กองบริการการศึกษา คำตอบ: 29 พ.ค. - 18 มิ.ย. 68"
20,"คำถาม: คณะส่งแบบฟอร์มการขอเปิดรายวิชาฯ (UP 21) ถึง กองบริการการศึกษา คำตอบ: 29 พ.ค. - 18 มิ.ย. 68"
21,"คำถาม: วันเปิดภาคการศึกษา (ฝึกงาน ณ สาธารณรัฐประชาชนจีน) คำตอบ: 9 มิ.ย. 68"
22,"คำถาม: ลงทะเบียนเรียนช้า และลงทะเบียนรักษาสภาพการเป็นนิสิต เพิ่ม-ถอนรายวิชาไม่ได้รับอักษร W คำตอบ: 9 - 20 มิ.ย. 68"
23,"คำถาม: ชำระเงินค่าลงทะเบียนเรียน (สำหรับนิสิตที่ลงทะเบียนล่าช้า) คำตอบ: 10 - 20 มิ.ย. 68"
24,"คำถาม: นิสิตยื่นคำร้องขอผ่อนผันการลงทะเบียนเรียน (UP 18) (สำหรับนิสิตที่ลงทะเบียนล่าช้า) คำตอบ: 10 - 20 มิ.ย. 68"
25,"คำถาม: คณะรับคำร้องขอผ่อนผันการลงทะเบียนเรียน (UP 18) (สำหรับนิสิตที่ลงทะเบียนล่าช้า) คำตอบ: 10 - 23 มิ.ย. 68"
26,"คำถาม: นิสิตยื่นคำร้องขอสำเร็จการศึกษาล่าช้า (UP 25) คำตอบ: 7 มิ.ย. - 22 ส.ค. 68"
27,"คำถาม: คณะรับคำร้องขอสำเร็จการศึกษาล่าช้า (UP 25) คำตอบ: 7 มิ.ย. - 25 ส.ค. 68"
28,"คำถาม: วันสุดท้ายของการส่งรายงานผลขอแก้ไขอักษร I ถึง คณะเจ้าของรายวิชา คำตอบ: 7 ก.ค. 68"
29,"คำถาม: วันสุดท้ายของการส่งรายงานผลขอแก้ไขอักษร I ถึง กองบริการการศึกษา คำตอบ: 14 ก.ค. 68"
30,"คำถาม: วันสุดท้ายของการยื่นคำร้องขอคืนสภาพการเป็นนิสิตเพื่อลงทะเบียนเรียน (UP 4) (นิสิต) คำตอบ: 25 ก.ค. 68"
31,"คำถาม: วันสุดท้ายของการยื่นคำร้องขอเพิ่มรายวิชาหลังกำหนด (UP 5) (นิสิต) คำตอบ: 25 ก.ค. 68"
32,"คำถาม: วันสุดท้ายคณะส่งคำร้องขอคืนสภาพการเป็นนิสิตเพื่อลงทะเบียนเรียน (UP 4) ถึง กองบริการการศึกษา คำตอบ: 29 ก.ค. 68"
33,"คำถาม: วันสุดท้ายคณะส่งคำร้องขอเพิ่มรายวิชาหลังกำหนด (UP 5) ถึง กองบริการการศึกษา คำตอบ: 29 ก.ค. 68"
34,"คำถาม: วันสุดท้ายของการชำระค่าลงทะเบียนเรียน กรณีได้รับอนุมัติให้ผ่อนผัน (UP 18) คำตอบ: 4 ส.ค. 68"
35,"คำถาม: นิสิตยื่นคำร้องขอถอนรายวิชาโดยได้รับอักษร W (UP 08) คำตอบ: 15 ก.ย. 68"
36,"คำถาม: วันสุดท้ายคณะส่งคำร้องขอถอนรายวิชาโดยได้รับอักษร W (UP 08) ถึง กองบริการการศึกษา คำตอบ: 19 ก.ย. 68"
37,"คำถาม: วันสุดท้ายของการยื่นคำร้องขอลาพักการศึกษา (UP 13) คำตอบ: 26 ก.ย. 68"
38,"คำถาม: วันสุดท้ายของการยื่นคำร้องขอลาออกโดยไม่ได้รับผลการเรียน (UP 14) คำตอบ: 26 ก.ย. 68"
39,"คำถาม: วันประเมินการสอนผ่านระบบทะเบียนออนไลน์ คำตอบ: 3 - 16 พ.ค. 69"
40,"คำถาม: วันสุดท้ายของการฝึกงาน ณ สาธารณรัฐประชาชนจีน คำตอบ: 24 เม.ย. 69"
41,"คำถาม: วันเดินทางกลับมายังประเทศไทย คำตอบ: 27 เม.ย. - 3 พ.ค. 69"
42,"คำถาม: วันสอบจบการศึกษา คำตอบ: 6 - 26 พ.ค. 69"
43,"คำถาม: วันสุดท้ายของการยื่นคำร้องขอแก้ไขชื่อ - สกุล (UP 11) ของนิสิตที่คาดว่าจะสำเร็จการศึกษา คำตอบ: 22 พ.ค. 69"
44,"คำถาม: วันสุดท้ายของการยื่นผลการทดสอบภาษาอังกฤษเพื่อสำเร็จการศึกษา คำตอบ: 19 - 25 พ.ค. 69"
45,"คำถาม: วันปิดภาคการศึกษา คำตอบ: 27 พ.ค. 69"
46,"คำถาม: วันสุดท้ายของการส่งรายงานผลการเรียนรายวิชา ถึง คณะเจ้าของรายวิชา คำตอบ: 9 มิ.ย. 69"
47,"คำถาม: วันสุดท้ายของการส่งรายงานผลการเรียนรายวิชา ถึง กองบริการการศึกษา คำตอบ: 15 มิ.ย. 69"
48,"คำถาม: วันสำเร็จการศึกษา คำตอบ: 27 พ.ค. 69"
49,"คำถาม: การนำเสนอการศึกษารายกรณี (present case study) คำตอบ: 6 พ.ค. 69"
50,"คำถาม: การสอบประมวลความรู้ ภาคทฤษฎี (Comprehensive Examination) คำตอบ: 8 พ.ค. 69"
51,"คำถาม: การสอบประมวลความรู้ ภาคปฏิบัติ (Comprehensive Examination) คำตอบ: 9 พ.ค. 69"
52,"คำถาม: การสอบซ่อมการสอบประมวลความรู้ ภาคทฤษฎี และภาคปฏิบัติ (Comprehensive Examination) คำตอบ: 19 - 20 พ.ค. 69"
53,"คำถาม: คณะส่งข้อมูลรายวิชาตามแผนการศึกษาที่เปิดสอนถึงกองบริการการศึกษา คำตอบ: ภาคต้น 3 มี.ค. 68 / ภาคปลาย 21 ก.ค. 68 / ภาคฤดูร้อน 12 ม.ค. 69"
54,"คำถาม: วันสุดท้ายของการรับเอกสารขอโอนย้ายสถานศึกษา คำตอบ: ภาคต้น 16 พ.ค. 68 / ภาคปลาย 3 ต.ค. 68"
55,"คำถาม: นิสิตยื่นคำร้องขอย้ายคณะ หลักสูตร และแผนการศึกษาถึงคณะต้นสังกัดของนิสิต (UP 10) คำตอบ: ภาคต้น 28 เม.ย. - 8 พ.ค. 68 / ภาคปลาย 15 - 26 ก.ย. 68 / ภาคฤดูร้อน 2 - 13 ก.พ. 69"
56,"คำถาม: คณะต้นสังกัดส่งคำร้องขอย้ายคณะ หลักสูตร และแผนการศึกษา ไปยังคณะที่รับย้าย คำตอบ: ภาคต้น 13 - 16 พ.ค. 68 / ภาคปลาย 29 ก.ย. - 3 ต.ค. 68 / ภาคฤดูร้อน 16 - 20 ก.พ. 69"
57,"คำถาม: คณะที่รับย้ายส่งคำร้องขอย้ายคณะ หลักสูตร และแผนการศึกษา ไปยังกองบริการการศึกษา คำตอบ: ภาคต้น 19 - 23 พ.ค. 68 / ภาคปลาย 6 - 10 ต.ค. 68 / ภาคฤดูร้อน 23 - 27 ก.พ. 69"
58,"คำถาม: คณะตรวจสอบรายวิชาตามแผนการศึกษา คำตอบ: ภาคต้น 26 - 30 พ.ค. 68 / ภาคปลาย 14 - 17 ต.ค. 68 / ภาคฤดูร้อน 2 - 6 มี.ค. 69"
59,"คำถาม: นิสิตยื่นความประสงค์ลงทะเบียนรายวิชาตามแผนการศึกษาผ่านระบบ (UP 20.1) คำตอบ: ภาคต้น 2 - 25 มิ.ย. 68 / ภาคปลาย 20 ต.ค. - 12 พ.ย. 68 / ภาคฤดูร้อน 9 - 25 มี.ค. 69"
60,"คำถาม: วันลงทะเบียนเรียน และลงทะเบียนรักษาสภาพการเป็นนิสิต ชั้นปี 4-6 คำตอบ: ภาคฤดูร้อน 23 - 27 มี.ค. 69"
61,"คำถาม: วันลงทะเบียนเรียน และลงทะเบียนรักษาสภาพการเป็นนิสิต ชั้นปี 3 คำตอบ: ภาคต้น 9 - 13 มิ.ย. 68 / ภาคปลาย 27 - 31 ต.ค. 68 / ภาคฤดูร้อน 16 - 20 มี.ค. 69"
62,"คำถาม: วันลงทะเบียนเรียน และลงทะเบียนรักษาสภาพการเป็นนิสิต ชั้นปี 2 คำตอบ: ภาคต้น 9 - 13 มิ.ย. 68 / ภาคปลาย 27 - 31 ต.ค. 68 / ภาคฤดูร้อน 20 - 24 เม.ย. 69"
63,"คำถาม: ชำระเงินค่าลงทะเบียนเรียน ชั้นปี 4-6 คำตอบ: ภาคฤดูร้อน 23 - 27 มี.ค. 69"
64,"คำถาม: ชำระเงินค่าลงทะเบียนเรียน ชั้นปี 3 คำตอบ: ภาคต้น 9 - 13 มิ.ย. 68 / ภาคปลาย 27 - 31 ต.ค. 68 / ภาคฤดูร้อน 16 - 20 มี.ค. 69"
65,"คำถาม: ชำระเงินค่าลงทะเบียนเรียน ชั้นปี 2 คำตอบ: ภาคต้น 9 - 13 มิ.ย. 68 / ภาคปลาย 27 - 31 ต.ค. 68 / ภาคฤดูร้อน 20 - 24 เม.ย. 69"
66,"คำถาม: นิสิต ยื่นคำร้องขอผ่อนผันการลงทะเบียนเรียน (UP 18) ชั้นปี 4-6 คำตอบ: ภาคฤดูร้อน 23 - 27 มี.ค. 69"
67,"คำถาม: นิสิต ยื่นคำร้องขอผ่อนผันการลงทะเบียนเรียน (UP 18) ชั้นปี 3 คำตอบ: ภาคต้น 9 - 13 มิ.ย. 68 / ภาคปลาย 27 - 31 ต.ค. 68 / ภาคฤดูร้อน 16 - 20 มี.ค. 69"
68,"คำถาม: นิสิต ยื่นคำร้องขอผ่อนผันการลงทะเบียนเรียน (UP 18) ชั้นปี 2 คำตอบ: ภาคต้น 9 - 13 มิ.ย. 68 / ภาคปลาย 27 - 31 ต.ค. 68 / ภาคฤดูร้อน 20 - 24 เม.ย. 69"
69,"คำถาม: คณะ ส่งคำร้องขอผ่อนผันการลงทะเบียนเรียน (UP 18) ถึงกองบริการการศึกษา ชั้นปี 4-6 คำตอบ: ภาคฤดูร้อน 23 - 30 มี.ค. 69"
70,"คำถาม: คณะ ส่งคำร้องขอผ่อนผันการลงทะเบียนเรียน (UP 18) ถึงกองบริการการศึกษา ชั้นปี 3 คำตอบ: ภาคต้น 9 - 16 มิ.ย. 68 / ภาคปลาย 27 ต.ค. - 3 พ.ย. 68 / ภาคฤดูร้อน 16 - 23 มี.ค. 69"
71,"คำถาม: คณะ ส่งคำร้องขอผ่อนผันการลงทะเบียนเรียน (UP 18) ถึงกองบริการการศึกษา ชั้นปี 2 คำตอบ: ภาคต้น 9 - 16 มิ.ย. 68 / ภาคปลาย 27 ต.ค. - 3 พ.ย. 68 / ภาคฤดูร้อน 20 - 27 เม.ย. 69"
72,"คำถาม: วันเปิดภาคการศึกษา ชั้นปี 4-6 คำตอบ: ภาคต้น 12 พ.ค. 68 / ภาคฤดูร้อน 23 มี.ค. 69"
73,"คำถาม: วันเปิดภาคการศึกษา ชั้นปี 3 คำตอบ: ภาคต้น 4 มิ.ย. 68 / ภาคปลาย 3 พ.ย. 68 / ภาคฤดูร้อน 16 มี.ค. 69"
74,"คำถาม: วันเปิดภาคการศึกษา ชั้นปี 2 คำตอบ: ภาคต้น 16 มิ.ย. 68 / ภาคปลาย 3 พ.ย. 68 / ภาคฤดูร้อน 20 เม.ย. 69"
75,"คำถาม: ช่วงเวลาจัดการเรียนการสอน ชั้นปี 4-6 คำตอบ: ภาคต้น 12 พ.ค. 68 - 22 มี.ค. 69 / ภาคฤดูร้อน 23 มี.ค. - 29 พ.ค. 69"
76,"คำถาม: ช่วงเวลาจัดการเรียนการสอน ชั้นปี 3 คำตอบ: ภาคต้น 4 มิ.ย. - 8 ส.ค. 68 / ภาคปลาย 3 พ.ย. 68 - 10 มี.ค. 69 / ภาคฤดูร้อน 16 มี.ค. - 22 พ.ค. 69"
77,"คำถาม: ช่วงเวลาจัดการเรียนการสอน ชั้นปี 2 คำตอบ: ภาคต้น 16 มิ.ย. - 8 ส.ค. 68 / ภาคปลาย 3 พ.ย. 68 - 7 เม.ย. 69 / ภาคฤดูร้อน 20 เม.ย. - 29 พ.ค. 69"
78,"คำถาม: ลงทะเบียนเรียนล่าช้าและลงทะเบียนรักษาสภาพการเป็นนิสิต เพิ่ม-ถอนรายวิชาไม่ได้รับอักษร W ชั้นปี 4-6 คำตอบ: ภาคฤดูร้อน 30 มี.ค. - 10 เม.ย. 69"
79,"คำถาม: ลงทะเบียนเรียนล่าช้าและลงทะเบียนรักษาสภาพการเป็นนิสิต เพิ่ม-ถอนรายวิชาไม่ได้รับอักษร W ชั้นปี 3 คำตอบ: ภาคต้น 16 - 27 มิ.ย. 68 / ภาคปลาย 3 - 14 พ.ย. 68 / ภาคฤดูร้อน 23 มี.ค. - 3 เม.ย. 69"
80,"คำถาม: ลงทะเบียนเรียนล่าช้าและลงทะเบียนรักษาสภาพการเป็นนิสิต เพิ่ม-ถอนรายวิชาไม่ได้รับอักษร W ชั้นปี 2 คำตอบ: ภาคต้น 16 - 27 มิ.ย. 68 / ภาคปลาย 3 - 14 พ.ย. 68 / ภาคฤดูร้อน 27 เม.ย. - 8 พ.ค. 69"
81,"คำถาม: นิสิต ยื่นคำร้องขอผ่อนผันการลงทะเบียนเรียน (UP 18) (สำหรับนิสิตที่ลงทะเบียนล่าช้า) ชั้นปี 4-6 คำตอบ: ภาคฤดูร้อน 31 มี.ค. - 10 เม.ย. 69"
82,"คำถาม: นิสิต ยื่นคำร้องขอผ่อนผันการลงทะเบียนเรียน (UP 18) (สำหรับนิสิตที่ลงทะเบียนล่าช้า) ชั้นปี 3 คำตอบ: ภาคต้น 17 - 27 มิ.ย. 68 / ภาคปลาย 4 - 14 พ.ย. 68 / ภาคฤดูร้อน 24 มี.ค. - 3 เม.ย. 69"
83,"คำถาม: นิสิต ยื่นคำร้องขอผ่อนผันการลงทะเบียนเรียน (UP 18) (สำหรับนิสิตที่ลงทะเบียนล่าช้า) ชั้นปี 2 คำตอบ: ภาคต้น 17 - 27 มิ.ย. 68 / ภาคปลาย 4 - 14 พ.ย. 68 / ภาคฤดูร้อน 28 เม.ย. - 8 พ.ค. 69"
84,"คำถาม: ชำระเงินค่าลงทะเบียนเรียน (สำหรับนิสิตที่ลงทะเบียนล่าช้า) ชั้นปี 4-6 คำตอบ: ภาคฤดูร้อน 31 มี.ค. - 10 เม.ย. 69"
85,"คำถาม: ชำระเงินค่าลงทะเบียนเรียน (สำหรับนิสิตที่ลงทะเบียนล่าช้า) ชั้นปี 3 คำตอบ: ภาคต้น 17 - 27 มิ.ย. 68 / ภาคปลาย 4 - 14 พ.ย. 68 / ภาคฤดูร้อน 24 มี.ค. - 3 เม.ย. 69"
86,"คำถาม: ชำระเงินค่าลงทะเบียนเรียน (สำหรับนิสิตที่ลงทะเบียนล่าช้า) ชั้นปี 2 คำตอบ: ภาคต้น 17 - 27 มิ.ย. 68 / ภาคปลาย 4 - 14 พ.ย. 68 / ภาคฤดูร้อน 28 เม.ย. - 8 พ.ค. 69"
87,"คำถาม: คณะ รับคำร้องขอผ่อนผันการลงทะเบียนเรียน (UP 18) (สำหรับนิสิตที่ลงทะเบียนล่าช้า) ชั้นปี 4-6 คำตอบ: ภาคฤดูร้อน 31 มี.ค. - 16 เม.ย. 69"
88,"คำถาม: คณะ รับคำร้องขอผ่อนผันการลงทะเบียนเรียน (UP 18) (สำหรับนิสิตที่ลงทะเบียนล่าช้า) ชั้นปี 3 คำตอบ: ภาคต้น 17 - 30 มิ.ย. 68 / ภาคปลาย 4 - 17 พ.ย. 68 / ภาคฤดูร้อน 24 มี.ค. - 7 เม.ย. 69"
89,"คำถาม: คณะ รับคำร้องขอผ่อนผันการลงทะเบียนเรียน (UP 18) (สำหรับนิสิตที่ลงทะเบียนล่าช้า) ชั้นปี 2 คำตอบ: ภาคต้น 17 - 30 มิ.ย. 68 / ภาคปลาย 4 - 17 พ.ย. 68 / ภาคฤดูร้อน 28 เม.ย. - 11 พ.ค. 69"
90,"คำถาม: นิสิตยื่นคำร้องขอสำเร็จการศึกษา (UP 24) ชำระเงินค่าขึ้นทะเบียนปริญญาบัตร และสมัครสมาชิกแพทยสภา (สำหรับนิสิตชั้นปีที่ 6) คำตอบ: ภาคต้น 3 พ.ย. - 2 ธ.ค. 68 / ภาคฤดูร้อน 23 มี.ค. - 21 เม.ย. 69"
91,"คำถาม: วันสุดท้ายของการส่งรายงานผลขอแก้ไขอักษร I ถึงคณะเจ้าของรายวิชา ชั้นปี 4-6 คำตอบ: ภาคฤดูร้อน 16 เม.ย. 69"
92,"คำถาม: วันสุดท้ายของการส่งรายงานผลขอแก้ไขอักษร I ถึงคณะเจ้าของรายวิชา ชั้นปี 3 คำตอบ: ภาคต้น 15 ก.ค. 68 / ภาคปลาย 28 พ.ย. 68 / ภาคฤดูร้อน 7 เม.ย. 69"
93,"คำถาม: วันสุดท้ายของการส่งรายงานผลขอแก้ไขอักษร I ถึงคณะเจ้าของรายวิชา ชั้นปี 2 คำตอบ: ภาคต้น 15 ก.ค. 68 / ภาคปลาย 28 พ.ย. 68 / ภาคฤดูร้อน 11 พ.ค. 69"
94,"คำถาม: วันสุดท้ายของการส่งรายงานผลขอแก้ไขอักษร I ถึงกองบริการการศึกษา ชั้นปี 4-6 คำตอบ: ภาคฤดูร้อน 20 เม.ย. 69"
95,"คำถาม: วันสุดท้ายของการส่งรายงานผลขอแก้ไขอักษร I ถึงกองบริการการศึกษา ชั้นปี 3 คำตอบ: ภาคต้น 18 ก.ค. 68 / ภาคปลาย 4 ธ.ค. 68 / ภาคฤดูร้อน 10 เม.ย. 69"
96,"คำถาม: วันสุดท้ายของการส่งรายงานผลขอแก้ไขอักษร I ถึงกองบริการการศึกษา ชั้นปี 2 คำตอบ: ภาคต้น 18 ก.ค. 68 / ภาคปลาย 4 ธ.ค. 68 / ภาคฤดูร้อน 14 พ.ค. 69"
97,"คำถาม: นิสิตยื่นคำร้องขอถอนรายวิชาโดยได้รับอักษร W (UP 08) ชั้นปี 4-6 คำตอบ: ภาคต้น 30 มิ.ย. 68 - 23 ก.พ. 69"
98,"คำถาม: นิสิตยื่นคำร้องขอถอนรายวิชาโดยได้รับอักษร W (UP 08) ชั้นปี 3 คำตอบ: ภาคต้น 30 มิ.ย. - 8 ก.ย. 68 / ภาคปลาย 17 พ.ย. 68 - 10 ก.พ. 69 / ภาคฤดูร้อน 22 พ.ค. 69"
99,"คำถาม: นิสิตยื่นคำร้องขอถอนรายวิชาโดยได้รับอักษร W (UP 08) ชั้นปี 2 คำตอบ: ภาคต้น 30 มิ.ย. - 8 ก.ย. 68 / ภาคปลาย 17 พ.ย. 68 - 6 มี.ค. 69 / ภาคฤดูร้อน 22 พ.ค. 69"
100,"คำถาม: วันสุดท้ายของการยื่นคำร้องขอคืนสภาพการเป็นนิสิตเพื่อลงทะเบียนเรียน (UP 4) ชั้นปี 4-6 คำตอบ: ภาคฤดูร้อน 18 มี.ค. 69"
101,"คำถาม: วันสุดท้ายของการยื่นคำร้องขอคืนสภาพการเป็นนิสิตเพื่อลงทะเบียนเรียน (UP 4) ชั้นปี 3 คำตอบ: ภาคต้น 3 ส.ค. 68 / ภาคปลาย 6 มี.ค. 69 / ภาคฤดูร้อน 26 พ.ค. 69"
102,"คำถาม: วันสุดท้ายของการยื่นคำร้องขอคืนสภาพการเป็นนิสิตเพื่อลงทะเบียนเรียน (UP 4) ชั้นปี 2 คำตอบ: ภาคต้น 3 ส.ค. 68 / ภาคปลาย 3 เม.ย. 69 / ภาคฤดูร้อน 26 พ.ค. 69"
103,"คำถาม: วันสุดท้ายของการยื่นคำร้องขอเพิ่มรายวิชาหลังกำหนด (UP 5) คำตอบ: ภาคต้น 1 ส.ค. 68 / ภาคปลาย 19 ธ.ค. 68 / ภาคฤดูร้อน 24 เม.ย. 69"
104,"คำถาม: วันสุดท้ายของการชำระค่าลงทะเบียนเรียน (กรณีที่ได้รับอนุมัติให้ผ่อนผัน UP 18) ชั้นปี 4-6 คำตอบ: ภาคฤดูร้อน 11 พ.ค. 69"
105,"คำถาม: วันสุดท้ายของการชำระค่าลงทะเบียนเรียน (กรณีที่ได้รับอนุมัติให้ผ่อนผัน UP 18) ชั้นปี 3 คำตอบ: ภาคต้น 29 ก.ค. 68 / ภาคปลาย 15 ธ.ค. 68 / ภาคฤดูร้อน 4 พ.ค. 69"
106,"คำถาม: วันสุดท้ายของการชำระค่าลงทะเบียนเรียน (กรณีที่ได้รับอนุมัติให้ผ่อนผัน UP 18) ชั้นปี 2 คำตอบ: ภาคต้น 29 ก.ค. 68 / ภาคปลาย 15 ธ.ค. 68 / ภาคฤดูร้อน 5 มิ.ย. 69"
107,"คำถาม: วันประเมินการสอนผ่านระบบทะเบียนออนไลน์ ชั้นปี 4-6 คำตอบ: ภาคต้น 12 พ.ค. 68 - 22 มี.ค. 69"
108,"คำถาม: วันประเมินการสอนผ่านระบบทะเบียนออนไลน์ ชั้นปี 3 คำตอบ: ภาคต้น 4 มิ.ย. - 8 ส.ค. 68 / ภาคปลาย 3 พ.ย. 68 - 10 มี.ค. 69 / ภาคฤดูร้อน 29 พ.ค. 69"
109,"คำถาม: วันประเมินการสอนผ่านระบบทะเบียนออนไลน์ ชั้นปี 2 คำตอบ: ภาคต้น 16 มิ.ย. - 8 ส.ค. 68 / ภาคปลาย 3 พ.ย. 68 - 7 เม.ย. 69 / ภาคฤดูร้อน 29 พ.ค. 69"
110,"คำถาม: วันสุดท้ายของการยื่นคำร้องขอลาพักการศึกษา (UP 13) ชั้นปี 4-6 คำตอบ: ภาคต้น 13 มี.ค. 69"
111,"คำถาม: วันสุดท้ายของการยื่นคำร้องขอลาพักการศึกษา (UP 13) ชั้นปี 3 คำตอบ: ภาคต้น 3 ต.ค. 68 / ภาคปลาย 4 มี.ค. 69 / ภาคฤดูร้อน 22 พ.ค. 69"
112,"คำถาม: วันสุดท้ายของการยื่นคำร้องขอลาพักการศึกษา (UP 13) ชั้นปี 2 คำตอบ: ภาคต้น 3 ต.ค. 68 / ภาคปลาย 31 มี.ค. 69 / ภาคฤดูร้อน 22 พ.ค. 69"
113,"คำถาม: วันสุดท้ายของการยื่นคำร้องขอลาออกโดยไม่ได้รับผลการเรียน (UP 14) ชั้นปี 4-6 คำตอบ: ภาคต้น 13 มี.ค. 69"
114,"คำถาม: วันสุดท้ายของการยื่นคำร้องขอลาออกโดยไม่ได้รับผลการเรียน (UP 14) ชั้นปี 3 คำตอบ: ภาคต้น 3 ต.ค. 68 / ภาคปลาย 4 มี.ค. 69 / ภาคฤดูร้อน 22 พ.ค. 69"
115,"คำถาม: วันสุดท้ายของการยื่นคำร้องขอลาออกโดยไม่ได้รับผลการเรียน (UP 14) ชั้นปี 2 คำตอบ: ภาคต้น 3 ต.ค. 68 / ภาคปลาย 31 มี.ค. 69 / ภาคฤดูร้อน 22 พ.ค. 69"
116,"คำถาม: วันสุดท้ายของการยื่นคำร้องขอแก้ไขชื่อ - สกุล (UP 11) ของนิสิตที่คาดว่าจะสำเร็จการศึกษา คำตอบ: ภาคต้น 6 มี.ค. 69"
117,"คำถาม: วันสุดท้ายของการยื่นผลการทดสอบภาษาอังกฤษเพื่อสำเร็จการศึกษา คำตอบ: ภาคต้น 20 มี.ค. 69 / ภาคฤดูร้อน 29 พ.ค. 69"
118,"คำถาม: วันปิดภาคการศึกษา ชั้นปี 4-6 คำตอบ: ภาคต้น 22 มี.ค. 69"
119,"คำถาม: วันปิดภาคการศึกษา ชั้นปี 3 คำตอบ: ภาคต้น 8 ส.ค. 68 / ภาคปลาย 10 มี.ค. 69 / ภาคฤดูร้อน 29 พ.ค. 69"
120,"คำถาม: วันปิดภาคการศึกษา ชั้นปี 2 คำตอบ: ภาคต้น 8 ส.ค. 68 / ภาคปลาย 7 เม.ย. 69 / ภาคฤดูร้อน 29 พ.ค. 69"
121,"คำถาม: วันสุดท้ายของการส่งรายงานผลการเรียนรายวิชาถึงคณะเจ้าของรายวิชา ชั้นปี 4-6 คำตอบ: ภาคต้น 7 เม.ย. 69 / ภาคฤดูร้อน 5 มิ.ย. 69"
122,"คำถาม: วันสุดท้ายของการส่งรายงานผลการเรียนรายวิชาถึงคณะเจ้าของรายวิชา ชั้นปี 3 คำตอบ: ภาคต้น 22 ส.ค. 68 / ภาคปลาย 24 มี.ค. 69 / ภาคฤดูร้อน 5 มิ.ย. 69"
123,"คำถาม: วันสุดท้ายของการส่งรายงานผลการเรียนรายวิชาถึงคณะเจ้าของรายวิชา ชั้นปี 2 คำตอบ: ภาคต้น 22 ส.ค. 68 / ภาคปลาย 21 เม.ย. 69 / ภาคฤดูร้อน 5 มิ.ย. 69"
124,"คำถาม: วันสุดท้ายของการส่งรายงานผลการเรียนรายวิชาถึงกองบริการการศึกษา ชั้นปี 4-6 คำตอบ: ภาคต้น 10 เม.ย. 69 / ภาคฤดูร้อน 10 มิ.ย. 69"
125,"คำถาม: วันสุดท้ายของการส่งรายงานผลการเรียนรายวิชาถึงกองบริการการศึกษา ชั้นปี 3 คำตอบ: ภาคต้น 27 ส.ค. 68 / ภาคปลาย 27 มี.ค. 69 / ภาคฤดูร้อน 10 มิ.ย. 69"
126,"คำถาม: วันสุดท้ายของการส่งรายงานผลการเรียนรายวิชาถึงกองบริการการศึกษา ชั้นปี 2 คำตอบ: ภาคต้น 27 ส.ค. 68 / ภาคปลาย 24 เม.ย. 69 / ภาคฤดูร้อน 10 มิ.ย. 69"
127,"คำถาม: วันสำเร็จการศึกษา (สำหรับนิสิตชั้นปีที่ 6) คำตอบ: ภาคต้น 23 มี.ค. 69 / ภาคฤดูร้อน 29 พ.ค. 69"
128,"คำถาม: คณะส่งข้อมูลรายวิชาตามแผนการศึกษาที่เปิดสอนถึงกองบริการการศึกษา คำตอบ: ภาค 1 31 มี.ค. 68 / ภาค 2 29 ก.ค. 68 / ภาค 3 24 พ.ย. 68"
129,"คำถาม: วันสุดท้ายของการรับเอกสารขอโอนย้ายสถานศึกษา คำตอบ: ภาค 1 16 พ.ค. 68 / ภาค 2 12 ก.ย. 68 / ภาค 3 9 ม.ค. 69"
130,"คำถาม: นิสิตยื่นคำร้องขอเทียบโอนรายวิชาและผลการเรียนจากสถานศึกษาเดิม (UP09) คำตอบ: ภาค 1 16 พ.ค. - 16 มิ.ย. 68 / ภาค 2 12 ก.ย. - 14 ต.ค. 68 / ภาค 3 9 ม.ค. - 9 ก.พ. 69"
131,"คำถาม: คณะรับคำร้องขอเทียบโอนรายวิชาและผลการเรียนจากสถานศึกษาเดิม (UP09) คำตอบ: ภาค 1 16 พ.ค. - 17 มิ.ย. 68 / ภาค 2 12 ก.ย. - 15 ต.ค. 68 / ภาค 3 9 ม.ค. - 10 ก.พ. 69"
132,"คำถาม: นิสิตยื่นคำร้องขอย้ายคณะ หลักสูตร และแผนการศึกษา ถึง คณะต้นสังกัดของนิสิต (UP10) คำตอบ: ภาค 1 6 - 16 พ.ค. 68 / ภาค 2 1 - 12 ก.ย. 68 / ภาค 3 29 ธ.ค. 68 - 9 ม.ค. 69"
133,"คำถาม: คณะต้นสังกัดส่งคำร้องขอย้ายคณะ หลักสูตร และแผนการศึกษา ไปยัง คณะที่รับย้าย คำตอบ: ภาค 1 19 - 23 พ.ค. 68 / ภาค 2 15 - 19 ก.ย. 68 / ภาค 3 12 - 16 ม.ค. 69"
134,"คำถาม: คณะที่รับย้ายส่งคำร้องขอย้ายคณะ หลักสูตร และแผนการศึกษา ไปยัง กองบริการการศึกษา คำตอบ: ภาค 1 26 - 30 พ.ค. 68 / ภาค 2 22 - 26 ก.ย. 68 / ภาค 3 19 - 23 ม.ค. 69"
135,"คำถาม: วันประกาศตารางเรียนตารางสอน คำตอบ: ภาค 1 2 มิ.ย. 68 / ภาค 2 29 ก.ย. 68 / ภาค 3 26 ม.ค. 69"
136,"คำถาม: วันพบอาจารย์ที่ปรึกษา คำตอบ: ภาค 1 2 มิ.ย. 68 / ภาค 2 29 ก.ย. 68 / ภาค 3 26 ม.ค. 69"
137,"คำถาม: นิสิตยื่นความประสงค์ลงทะเบียนรายวิชาตามแผนการศึกษาผ่านระบบ (UP20.1) คำตอบ: ภาค 1 2 - 25 มิ.ย. 68 / ภาค 2 29 ก.ย. - 21 ต.ค. 68 / ภาค 3 26 ม.ค. - 18 ก.พ. 69"
138,"คำถาม: นิสิตเตรียมลงทะเบียนเรียน คำตอบ: ภาค 1 2 - 6 มิ.ย. 68 / ภาค 2 29 ก.ย. - 3 ต.ค. 68 / ภาค 3 26 - 30 ม.ค. 69"
139,"คำถาม: วันลงทะเบียนเรียน และลงทะเบียนรักษาสภาพการเป็นนิสิต คำตอบ: ภาค 1 9 - 13 มิ.ย. 68 / ภาค 2 6 - 10 ต.ค. 68 / ภาค 3 2 - 6 ก.พ. 69"
140,"คำถาม: ชำระเงินค่าลงทะเบียนเรียนทุกชั้นปี คำตอบ: ภาค 1 9 - 13 มิ.ย. 68 / ภาค 2 6 - 10 ต.ค. 68 / ภาค 3 2 - 6 ก.พ. 69"
141,"คำถาม: นิสิตยื่นคำร้องขอผ่อนผันการลงทะเบียนเรียน (UP 18) คำตอบ: ภาค 1 9 - 13 มิ.ย. 68 / ภาค 2 6 - 10 ต.ค. 68 / ภาค 3 2 - 6 ก.พ. 69"
142,"คำถาม: คณะรับคำร้องขอผ่อนผันการลงทะเบียนเรียน (UP 18) คำตอบ: ภาค 1 9 - 16 มิ.ย. 68 / ภาค 2 6 - 14 ต.ค. 68 / ภาค 3 2 - 9 ก.พ. 69"
143,"คำถาม: คณะส่งแบบฟอร์มการขอเปิดรายวิชาฯ ถึงกองบริการการศึกษา (UP21) คำตอบ: ภาค 1 11 - 26 มิ.ย. 68 / ภาค 2 8 - 22 ต.ค. 68 / ภาค 3 4 - 19 ก.พ. 69"
144,"คำถาม: คณะส่งแบบฟอร์มการขอเปลี่ยนแปลงตารางเรียนตารางสอนฯ ถึงกองบริการการศึกษา (UP20) คำตอบ: ภาค 1 11 - 26 มิ.ย. 68 / ภาค 2 8 - 22 ต.ค. 68 / ภาค 3 4 - 19 ก.พ. 69"
145,"คำถาม: วันเปิดภาคการศึกษา คำตอบ: ภาค 1 16 มิ.ย. 68 / ภาค 2 14 ต.ค. 68 / ภาค 3 9 ก.พ. 69"
146,"คำถาม: วันเริ่มเรียน คำตอบ: ภาค 1 21 มิ.ย. 68 / ภาค 2 18 ต.ค. 68 / ภาค 3 14 ก.พ. 69"
147,"คำถาม: ลงทะเบียนเรียนช้าและลงทะเบียนรักษาสภาพการเป็นนิสิต เพิ่ม-ถอนรายวิชาไม่ได้รับอักษร W คำตอบ: ภาค 1 16 - 27 มิ.ย. 68 / ภาค 2 14 - 24 ต.ค. 68 / ภาค 3 9 - 20 ก.พ. 69"
148,"คำถาม: ชำระเงินค่าลงทะเบียนเรียนทุกชั้นปี (สำหรับนิสิตที่ลงทะเบียนล่าช้า) คำตอบ: ภาค 1 17 - 27 มิ.ย. 68 / ภาค 2 14 - 24 ต.ค. 68 / ภาค 3 9 - 20 ก.พ. 69"
149,"คำถาม: นิสิตยื่นคำร้องขอผ่อนผันการลงทะเบียนเรียน (UP 18) (สำหรับนิสิตที่ลงทะเบียนล่าช้า) คำตอบ: ภาค 1 17 - 27 มิ.ย. 68 / ภาค 2 14 - 24 ต.ค. 68 / ภาค 3 9 - 20 ก.พ. 69"
150,"คำถาม: คณะส่งคำร้องขอผ่อนผันการลงทะเบียนเรียน (UP 18) มายังกองบริการการศึกษา (สำหรับนิสิตที่ลงทะเบียนล่าช้า) คำตอบ: ภาค 1 16 - 30 มิ.ย. 68 / ภาค 2 14 - 27 ต.ค. 68 / ภาค 3 9 - 23 ก.พ. 69"
151,"คำถาม: นิสิตยื่นคำร้องขอสำเร็จการศึกษา (UP 24) และชำระเงินค่าขึ้นทะเบียนปริญญาบัตร คำตอบ: ภาค 1 16 มิ.ย. - 15 ก.ค. 68 / ภาค 2 14 ต.ค. - 12 พ.ย. 68 / ภาค 3 9 ก.พ. - 10 มี.ค. 69"
152,"คำถาม: วันสุดท้ายของการส่งรายงานผลขอแก้ไขอักษร I ถึง คณะเจ้าของรายวิชา คำตอบ: ภาค 1 14 ก.ค. 68 / ภาค 2 7 พ.ย. 68 / ภาค 3 6 มี.ค. 69"
153,"คำถาม: วันสุดท้ายของการส่งรายงานผลขอแก้ไขอักษร I ถึง งานทะเบียนนิสิต คำตอบ: ภาค 1 18 ก.ค. 68 / ภาค 2 11 พ.ย. 68 / ภาค 3 10 มี.ค. 69"
154,"คำถาม: วันสุดท้ายคณะรับคำร้องขอสำเร็จการศึกษา (UP 24) คำตอบ: ภาค 1 17 ก.ค. 68 / ภาค 2 14 พ.ย. 68 / ภาค 3 12 มี.ค. 69"
155,"คำถาม: วันสุดท้ายคณะรวบรวมรายชื่อขอสำเร็จการศึกษา (UP 24) ถึง กองบริการการศึกษา คำตอบ: ภาค 1 21 ก.ค. 68 / ภาค 2 18 พ.ย. 68 / ภาค 3 16 มี.ค. 69"
156,"คำถาม: นิสิตยื่นคำร้องขอสำเร็จการศึกษาล่าช้า (UP 25) คำตอบ: ภาค 1 18 ก.ค. - 26 ส.ค. 68 / ภาค 2 15 พ.ย. 68 - 23 ม.ค. 69 / ภาค 3 13 มี.ค. - 20 พ.ค. 69"
157,"คำถาม: คณะรับคำร้องขอสำเร็จการศึกษาล่าช้า (UP 25) คำตอบ: ภาค 1 18 ก.ค. - 29 ส.ค. 68 / ภาค 2 15 พ.ย. 68 - 26 ม.ค. 69 / ภาค 3 13 มี.ค. - 22 พ.ค. 69"
158,"คำถาม: วันสุดท้ายของการยื่นคำร้องขอคืนสภาพการเป็นนิสิตเพื่อลงทะเบียนเรียน (UP 4) (นิสิต) คำตอบ: ภาค 1 1 ส.ค. 68 / ภาค 2 28 พ.ย. 68 / ภาค 3 27 มี.ค. 69"
159,"คำถาม: วันสุดท้ายของการยื่นคำร้องขอเพิ่มรายวิชาหลังกำหนด (UP 5) (นิสิต) คำตอบ: ภาค 1 1 ส.ค. 68 / ภาค 2 28 พ.ย. 68 / ภาค 3 27 มี.ค. 69"
160,"คำถาม: วันสุดท้ายคณะส่งคำร้องขอคืนสภาพการเป็นนิสิตเพื่อลงทะเบียนเรียน (UP 4) ถึง งานทะเบียนนิสิต คำตอบ: ภาค 1 4 ส.ค. 68 / ภาค 2 1 ธ.ค. 68 / ภาค 3 30 มี.ค. 69"
161,"คำถาม: วันสุดท้ายคณะส่งคำร้องขอเพิ่มรายวิชาหลังกำหนด (UP 5) ถึง งานทะเบียนนิสิต คำตอบ: ภาค 1 4 ส.ค. 68 / ภาค 2 1 ธ.ค. 68 / ภาค 3 30 มี.ค. 69"
162,"คำถาม: วันสุดท้ายของการชำระค่าลงทะเบียนเรียน กรณีที่ได้รับอนุมัติให้ผ่อนผัน (UP 18) คำตอบ: ภาค 1 8 ส.ค. 68 / ภาค 2 4 ธ.ค. 68 / ภาค 3 3 เม.ย. 69"
163,"คำถาม: นิสิตยื่นคำร้องขอถอนรายวิชาโดยได้รับอักษร W (UP 08) คำตอบ: ภาค 1 29 ส.ค. 68 / ภาค 2 26 ธ.ค. 68 / ภาค 3 24 เม.ย. 69"
164,"คำถาม: คณะส่งคำร้องขอถอนรายวิชาโดยได้รับอักษร W (UP 08) ถึง งานทะเบียนนิสิต คำตอบ: ภาค 1 1 ก.ย. 68 / ภาค 2 29 ธ.ค. 68 / ภาค 3 27 เม.ย. 69"
165,"คำถาม: วันประเมินการสอนผ่านระบบทะเบียนออนไลน์ คำตอบ: ภาค 1 15 - 26 ก.ย. 68 / ภาค 2 12 - 23 ม.ค. 69 / ภาค 3 11 - 22 พ.ค. 69"
166,"คำถาม: วันสุดท้ายของการขอลาพักการศึกษา (UP13) คำตอบ: ภาค 1 3 ต.ค. 68 / ภาค 2 30 ม.ค. 69 / ภาค 3 29 พ.ค. 69"
167,"คำถาม: วันสุดท้ายของการยื่นคำร้องขอลาออก (UP14) โดยไม่ได้รับผลการเรียน คำตอบ: ภาค 1 3 ต.ค. 68 / ภาค 2 30 ม.ค. 69 / ภาค 3 29 พ.ค. 69"
168,"คำถาม: วันสุดท้ายของการแก้ไขชื่อ - สกุล ของนิสิต (UP11) ที่คาดว่าจะสำเร็จการศึกษา คำตอบ: ภาค 1 3 ต.ค. 68 / ภาค 2 30 ม.ค. 69 / ภาค 3 29 พ.ค. 69"
169,"คำถาม: วันสอบปลายภาค (งดการเรียนการสอนทุกชั้นปี) คำตอบ: ภาค 1 4 - 5 ต.ค. 68 / ภาค 2 31 ม.ค. - 1 ก.พ. 69 / ภาค 3 30 - 31 พ.ค. 69"
170,"คำถาม: วันสุดท้ายของการยื่นผลการทดสอบภาษาอังกฤษเพื่อสำเร็จการศึกษา คำตอบ: ภาค 1 6 ต.ค. 68 / ภาค 2 2 ก.พ. 69 / ภาค 3 2 มิ.ย. 69"
171,"คำถาม: วันปิดภาคการศึกษา คำตอบ: ภาค 1 6 ต.ค. 68 / ภาค 2 2 ก.พ. 69 / ภาค 3 2 มิ.ย. 69"
172,"คำถาม: วันสุดท้ายของการส่งรายงานผลการเรียนรายวิชา ถึง คณะเจ้าของรายวิชา คำตอบ: ภาค 1 15 ต.ค. 68 / ภาค 2 11 ก.พ. 69 / ภาค 3 10 มิ.ย. 69"
173,"คำถาม: วันสุดท้ายของการส่งรายงานผลการเรียนรายวิชา ถึง งานทะเบียนนิสิต คำตอบ: ภาค 1 20 ต.ค. 68 / ภาค 2 16 ก.พ. 69 / ภาค 3 15 มิ.ย. 69"
174,"คำถาม: วันสำเร็จการศึกษา คำตอบ: ภาค 1 6 ต.ค. 68 / ภาค 2 2 ก.พ. 69 / ภาค 3 2 มิ.ย. 69"
175,"คำถาม: คณะส่งข้อมูลรายวิชาตามแผนการศึกษาที่เปิดสอน ถึง กองบริการการศึกษา คำตอบ: ภาคการศึกษาต้น 3 มี.ค. 68 / ภาคการศึกษาปลาย 21 ก.ค. 68 / ภาคฤดูร้อน 12 ม.ค. 69"
176,"คำถาม: วันสุดท้ายของการรับเอกสารขอโอนย้ายสถานศึกษา คำตอบ: ภาคการศึกษาต้น 16 พ.ค. 68 / ภาคการศึกษาปลาย 3 ต.ค. 68"
177,"คำถาม: นิสิตยื่นคำร้องขอเทียบโอนรายวิชาและผลการเรียนจากสถานศึกษาเดิม (UP09) คำตอบ: ภาคการศึกษาต้น 16 พ.ค. - 16 มิ.ย. 68 / ภาคการศึกษาปลาย 3 ต.ค. - 3 พ.ย. 68 / ภาคฤดูร้อน 20 ก.พ. - 23 มี.ค. 69"
178,"คำถาม: คณะรับคำร้องขอเทียบโอนรายวิชาและผลการเรียนจากสถานศึกษาเดิม (UP09) คำตอบ: ภาคการศึกษาต้น 16 พ.ค. - 17 มิ.ย. 68 / ภาคการศึกษาปลาย 3 ต.ค. - 4 พ.ย. 68 / ภาคฤดูร้อน 20 ก.พ. - 24 มี.ค. 69"
179,"คำถาม: นิสิตยื่นคำร้องขอย้ายคณะ หลักสูตร และแผนการศึกษา ถึง คณะต้นสังกัดของนิสิต (UP10) คำตอบ: ภาคการศึกษาต้น 28 เม.ย. - 8 พ.ค. 68 / ภาคการศึกษาปลาย 15 - 26 ก.ย. 68 / ภาคฤดูร้อน 2 - 13 ก.พ. 69"
180,"คำถาม: คณะต้นสังกัดส่งคำร้องขอย้ายคณะ หลักสูตร และแผนการศึกษา ไปยัง คณะที่รับย้าย คำตอบ: ภาคการศึกษาต้น 13 - 16 พ.ค. 68 / ภาคการศึกษาปลาย 29 ก.ย. - 3 ต.ค. 68 / ภาคฤดูร้อน 16 - 20 ก.พ. 69"
181,"คำถาม: คณะที่รับย้ายส่งคำร้องขอย้ายคณะ หลักสูตร และแผนการศึกษา ไปยัง กองบริการการศึกษา คำตอบ: ภาคการศึกษาต้น 19 - 23 พ.ค. 68 / ภาคการศึกษาปลาย 6 - 10 ต.ค. 68 / ภาคฤดูร้อน 23 - 27 ก.พ. 69"
182,"คำถาม: คณะตรวจสอบรายวิชาตามแผนการศึกษา คำตอบ: ภาคการศึกษาต้น 26 - 30 พ.ค. 68 / ภาคการศึกษาปลาย 14 - 17 ต.ค. 68 / ภาคฤดูร้อน 2 - 6 มี.ค. 69"
183,"คำถาม: วันประกาศตารางเรียนตารางสอน คำตอบ: ภาคการศึกษาต้น 2 มิ.ย. 68 / ภาคการศึกษาปลาย 20 ต.ค. 68 / ภาคฤดูร้อน 9 มี.ค. 69"
184,"คำถาม: วันพบอาจารย์ที่ปรึกษา คำตอบ: ภาคการศึกษาต้น 2 มิ.ย. 68 / ภาคการศึกษาปลาย 20 ต.ค. 68 / ภาคฤดูร้อน 9 มี.ค. 69"
185,"คำถาม: นิสิตยื่นความประสงค์ลงทะเบียนรายวิชาตามแผนการศึกษาผ่านระบบ (UP20.1) คำตอบ: ภาคการศึกษาต้น 2 - 25 มิ.ย. 68 / ภาคการศึกษาปลาย 20 ต.ค. - 12 พ.ย. 68 / ภาคฤดูร้อน 9 - 25 มี.ค. 69"
186,"คำถาม: นิสิตเตรียมลงทะเบียนเรียน คำตอบ: ภาคการศึกษาต้น 2 - 6 มิ.ย. 68 / ภาคการศึกษาปลาย 20 - 24 ต.ค. 68 / ภาคฤดูร้อน 9 - 13 มี.ค. 69"
187,"คำถาม: วันลงทะเบียนเรียน และลงทะเบียนรักษาสภาพการเป็นนิสิต นิสิตรหัส 68 คำตอบ: ภาคการศึกษาต้น 9 - 13 มิ.ย. 68 / ภาคการศึกษาปลาย 27 - 31 ต.ค. 68 / ภาคฤดูร้อน 16 - 20 มี.ค. 69"
188,"คำถาม: วันลงทะเบียนเรียน และลงทะเบียนรักษาสภาพการเป็นนิสิต นิสิตรหัส 67 คำตอบ: ภาคการศึกษาต้น 10 - 13 มิ.ย. 68 / ภาคการศึกษาปลาย 28 - 31 ต.ค. 68 / ภาคฤดูร้อน 17 - 20 มี.ค. 69"
189,"คำถาม: วันลงทะเบียนเรียน และลงทะเบียนรักษาสภาพการเป็นนิสิต นิสิตรหัส 66 คำตอบ: ภาคการศึกษาต้น 11 - 13 มิ.ย. 68 / ภาคการศึกษาปลาย 29 - 31 ต.ค. 68 / ภาคฤดูร้อน 18 - 20 มี.ค. 69"
190,"คำถาม: วันลงทะเบียนเรียน และลงทะเบียนรักษาสภาพการเป็นนิสิต นิสิตรหัส 65 และน้อยกว่า คำตอบ: ภาคการศึกษาต้น 12 - 13 มิ.ย. 68 / ภาคการศึกษาปลาย 30 - 31 ต.ค. 68 / ภาคฤดูร้อน 19 - 20 มี.ค. 69"
191,"คำถาม: ชำระเงินค่าลงทะเบียน (เริ่มชำระได้ตั้งแต่ยืนยันการลงทะเบียน) คำตอบ: ภาคการศึกษาต้น 9 - 13 มิ.ย. 68 / ภาคการศึกษาปลาย 27 - 31 ต.ค. 68 / ภาคฤดูร้อน 16 - 20 มี.ค. 69"
192,"คำถาม: นิสิตยื่นคำร้องขอผ่อนผันการลงทะเบียนเรียน (UP 18) คำตอบ: ภาคการศึกษาต้น 9 - 13 มิ.ย. 68 / ภาคการศึกษาปลาย 27 - 31 ต.ค. 68 / ภาคฤดูร้อน 16 - 20 มี.ค. 69"
193,"คำถาม: คณะส่งคำร้องขอผ่อนผันการลงทะเบียนเรียน (UP 18) ถึง กองบริการการศึกษา คำตอบ: ภาคการศึกษาต้น 9 - 16 มิ.ย. 68 / ภาคการศึกษาปลาย 27 ต.ค. - 3 พ.ย. 68 / ภาคฤดูร้อน 16 - 23 มี.ค. 69"
194,"คำถาม: คณะส่งแบบฟอร์มการขอเปลี่ยนแปลงตารางเรียนตารางสอน ถึง กองบริการการศึกษา (UP20) คำตอบ: ภาคการศึกษาต้น 11 - 26 มิ.ย. 68 / ภาคการศึกษาปลาย 29 ต.ค. - 13 พ.ย. 68 / ภาคฤดูร้อน 9 - 26 มี.ค. 69"
195,"คำถาม: คณะส่งแบบฟอร์มการขอเปิดรายวิชา ถึง กองบริการการศึกษา (UP21) คำตอบ: ภาคการศึกษาต้น 11 - 26 มิ.ย. 68 / ภาคการศึกษาปลาย 29 ต.ค. - 13 พ.ย. 68 / ภาคฤดูร้อน 9 - 26 มี.ค. 69"
196,"คำถาม: วันเปิดภาคการศึกษา คำตอบ: ภาคการศึกษาต้น 16 มิ.ย. 68 / ภาคการศึกษาปลาย 3 พ.ย. 68 / ภาคฤดูร้อน 23 มี.ค. 69"
197,"คำถาม: ลงทะเบียนเรียนล่าช้าและลงทะเบียนรักษาสภาพการเป็นนิสิต เพิ่ม-ถอนรายวิชาไม่ได้รับอักษร W นิสิตรหัส 67-68 คำตอบ: ภาคการศึกษาต้น 16 - 27 มิ.ย. 68 / ภาคการศึกษาปลาย 3 - 14 พ.ย. 68 / ภาคฤดูร้อน 23 - 27 มี.ค. 69"
198,"คำถาม: ลงทะเบียนเรียนล่าช้าและลงทะเบียนรักษาสภาพการเป็นนิสิต เพิ่ม-ถอนรายวิชาไม่ได้รับอักษร W นิสิตรหัส 66 และน้อยกว่า คำตอบ: ภาคการศึกษาต้น 17 - 27 มิ.ย. 68 / ภาคการศึกษาปลาย 4 - 14 พ.ย. 68 / ภาคฤดูร้อน 24 - 27 มี.ค. 69"
199,"คำถาม: ชำระเงินค่าลงทะเบียนเรียนทุกชั้นปี (สำหรับนิสิตที่ลงทะเบียนล่าช้า) คำตอบ: ภาคการศึกษาต้น 17 - 27 มิ.ย. 68 / ภาคการศึกษาปลาย 4 - 14 พ.ย. 68 / ภาคฤดูร้อน 24 - 27 มี.ค. 69"
200,"คำถาม: นิสิตยื่นคำร้องขอผ่อนผันการลงทะเบียนเรียน (UP 18) (สำหรับนิสิตที่ลงทะเบียนล่าช้า) คำตอบ: ภาคการศึกษาต้น 17 - 27 มิ.ย. 68 / ภาคการศึกษาปลาย 4 - 14 พ.ย. 68 / ภาคฤดูร้อน 24 - 27 มี.ค. 69"
201,"คำถาม: คณะรับคำร้องขอผ่อนผันการลงทะเบียนเรียน (UP 18) (สำหรับนิสิตที่ลงทะเบียนล่าช้า) คำตอบ: ภาคการศึกษาต้น 17 - 30 มิ.ย. 68 / ภาคการศึกษาปลาย 4 - 17 พ.ย. 68 / ภาคฤดูร้อน 24 - 30 มี.ค. 69"
202,"คำถาม: นิสิตยื่นคำร้องขอสำเร็จการศึกษา (UP 24) และชำระเงินค่าขึ้นทะเบียนปริญญาบัตร คำตอบ: ภาคการศึกษาต้น 16 มิ.ย. - 15 ก.ค. 68 / ภาคการศึกษาปลาย 3 พ.ย. - 2 ธ.ค. 68 / ภาคฤดูร้อน 23 มี.ค. - 21 เม.ย. 69"
203,"คำถาม: วันสุดท้ายคณะรับคำร้องขอสำเร็จการศึกษา (UP 24) คำตอบ: ภาคการศึกษาต้น 17 ก.ค. 68 / ภาคการศึกษาปลาย 4 ธ.ค. 68 / ภาคฤดูร้อน 23 เม.ย. 69"
204,"คำถาม: วันสุดท้ายคณะรวบรวมรายชื่อขอสำเร็จการศึกษา (UP 24) ถึง กองบริการการศึกษา คำตอบ: ภาคการศึกษาต้น 21 ก.ค. 68 / ภาคการศึกษาปลาย 9 ธ.ค. 68 / ภาคฤดูร้อน 27 เม.ย. 69"
205,"คำถาม: วันสุดท้ายของการส่งรายงานผลขอแก้ไขอักษร I ถึง คณะเจ้าของรายวิชา คำตอบ: ภาคการศึกษาต้น 15 ก.ค. 68 / ภาคการศึกษาปลาย 28 พ.ย. 68 / ภาคฤดูร้อน 24 เม.ย. 69"
206,"คำถาม: วันสุดท้ายของการส่งรายงานผลขอแก้ไขอักษร I ถึง กองบริการการศึกษา คำตอบ: ภาคการศึกษาต้น 18 ก.ค. 68 / ภาคการศึกษาปลาย 4 ธ.ค. 68 / ภาคฤดูร้อน 28 เม.ย. 69"
207,"คำถาม: นิสิตยื่นคำร้องขอถอนรายวิชาโดยได้รับอักษร W (UP 08) คำตอบ: ภาคการศึกษาต้น 19 ก.ย. 68 / ภาคการศึกษาปลาย 6 ก.พ. 69 / ภาคฤดูร้อน 8 พ.ค. 69"
208,"คำถาม: วันสุดท้ายคณะส่งคำร้องขอถอนรายวิชาโดยได้รับอักษร W (UP 08) ถึง กองบริการการศึกษา คำตอบ: ภาคการศึกษาต้น 22 ก.ย. 68 / ภาคการศึกษาปลาย 9 ก.พ. 69 / ภาคฤดูร้อน 11 พ.ค. 69"
209,"คำถาม: นิสิตยื่นคำร้องขอสำเร็จการศึกษาล่าช้า (UP 25) คำตอบ: ภาคการศึกษาต้น 18 ก.ค. - 1 ต.ค. 68 / ภาคการศึกษาปลาย 5 ธ.ค. 68 - 18 ก.พ. 69 / ภาคฤดูร้อน 24 เม.ย. - 20 พ.ค. 69"
210,"คำถาม: คณะรับคำร้องขอสำเร็จการศึกษาล่าช้า (UP 25) คำตอบ: ภาคการศึกษาต้น 18 ก.ค. - 2 ต.ค. 68 / ภาคการศึกษาปลาย 5 ธ.ค. 68 - 19 ก.พ. 69 / ภาคฤดูร้อน 24 เม.ย. - 21 พ.ค. 69"
211,"คำถาม: วันสุดท้ายของการยื่นคำร้องขอคืนสภาพการเป็นนิสิตเพื่อลงทะเบียนเรียน (UP 4) (นิสิต) คำตอบ: ภาคการศึกษาต้น 1 ส.ค. 68 / ภาคการศึกษาปลาย 19 ธ.ค. 68 / ภาคฤดูร้อน 24 เม.ย. 69"
212,"คำถาม: คณะส่งข้อมูลรายวิชาตามแผนการศึกษาที่เปิดสอนถึงกองบริการการศึกษา คำตอบ: ภาคการศึกษาปลาย 15 - 30 ก.ย. 68 / ภาคการศึกษาฤดูร้อน 15 - 30 ม.ค. 69"
213,"คำถาม: คณะตรวจสอบรายวิชาตามแผนการศึกษา คำตอบ: ภาคการศึกษาปลาย 1 - 15 ต.ค. 68 / ภาคการศึกษาฤดูร้อน 1 - 15 ก.พ. 69"
214,"คำถาม: ผู้เรียนเตรียมลงทะเบียนเรียน คำตอบ: ภาคการศึกษาปลาย 1 - 14 พ.ย. 68 / ภาคการศึกษาฤดูร้อน 16 ก.พ. - 24 มี.ค. 69"
215,"คำถาม: วันลงทะเบียนและชำระค่าลงทะเบียน คำตอบ: ภาคการศึกษาปลาย 15 - 22 พ.ย. 68 / ภาคการศึกษาฤดูร้อน 25 มี.ค. - 4 เม.ย. 69"
216,"คำถาม: ผู้เรียนยื่นคำร้องขอผ่อนผันการลงทะเบียน (UP18) คำตอบ: ภาคการศึกษาปลาย 16 - 22 พ.ย. 68 / ภาคการศึกษาฤดูร้อน 26 มี.ค. - 4 เม.ย. 69"
217,"คำถาม: คณะส่งคำร้องขอผ่อนผันการลงทะเบียน (UP18) ถึงกองบริการการศึกษา คำตอบ: ภาคการศึกษาปลาย 16 - 23 พ.ย. 68 / ภาคการศึกษาฤดูร้อน 1 - 5 เม.ย. 69"
218,"คำถาม: คณะส่งแบบฟอร์มขอเปลี่ยนแปลงตารางสอนถึงกองบริการการศึกษา (UP20) คำตอบ: ภาคการศึกษาปลาย 10 - 27 พ.ย. 68 / ภาคการศึกษาฤดูร้อน 10 มี.ค. - 10 เม.ย. 69"
219,"คำถาม: คณะส่งแบบฟอร์มขอเปิดรายวิชาถึงกองบริการการศึกษา (UP21) คำตอบ: ภาคการศึกษาปลาย 10 - 27 พ.ย. 68 / ภาคการศึกษาฤดูร้อน 10 มี.ค. - 10 เม.ย. 69"
220,"คำถาม: วันเปิดภาคการศึกษา คำตอบ: ภาคการศึกษาต้น 30 มิ.ย. 68 / ภาคการศึกษาปลาย 17 พ.ย. 68 / ภาคการศึกษาฤดูร้อน 6 เม.ย. 69"
221,"คำถาม: ลงทะเบียนล่าช้าและรักษาสภาพการเป็นนิสิต เพิ่ม-ถอนรายวิชาที่ได้รับอักษร W คำตอบ: ภาคการศึกษาต้น 1 - 20 ก.ค. 68 / ภาคการศึกษาปลาย 24 พ.ย. - 14 ธ.ค. 68 / ภาคการศึกษาฤดูร้อน 7 - 14 เม.ย. 69"
222,"คำถาม: ชำระค่าลงทะเบียนล่าช้า คำตอบ: ภาคการศึกษาต้น 2 - 20 ก.ค. 68 / ภาคการศึกษาปลาย 2 - 20 ธ.ค. 68 / ภาคการศึกษาฤดูร้อน 8 - 14 เม.ย. 69"
223,"คำถาม: ผู้เรียนยื่นคำร้องขอผ่อนผันการลงทะเบียน (UP18) (สำหรับผู้ลงทะเบียนล่าช้า) คำตอบ: ภาคการศึกษาต้น 2 - 20 ก.ค. 68 / ภาคการศึกษาปลาย 2 - 20 ธ.ค. 68 / ภาคการศึกษาฤดูร้อน 8 - 14 เม.ย. 69"
224,"คำถาม: คณะรับคำร้องขอผ่อนผันการลงทะเบียน (UP18) (สำหรับผู้ลงทะเบียนล่าช้า) คำตอบ: ภาคการศึกษาต้น 2 - 23 ก.ค. 68 / ภาคการศึกษาปลาย 2 - 23 ธ.ค. 68 / ภาคการศึกษาฤดูร้อน 8 - 19 เม.ย. 69"
225,"คำถาม: ผู้เรียนยื่นคำร้องขอสำเร็จการศึกษา (UP24) และชำระค่าใบประกาศนียบัตร คำตอบ: ภาคการศึกษาต้น 1 ก.ค. - 1 ส.ค. 68 / ภาคการศึกษาปลาย 25 พ.ย. - 25 ธ.ค. 68 / ภาคการศึกษาฤดูร้อน 7 - 30 เม.ย. 69"
226,"คำถาม: วันสุดท้ายคณะรับคำร้องขอสำเร็จการศึกษา (UP24) คำตอบ: ภาคการศึกษาต้น 3 ส.ค. 68 / ภาคการศึกษาปลาย 28 ธ.ค. 68 / ภาคการศึกษาฤดูร้อน 3 พ.ค. 69"
227,"คำถาม: คณะรวบรวมรายชื่อขอสำเร็จการศึกษา (UP24) ถึงกองบริการการศึกษา คำตอบ: ภาคการศึกษาต้น 10 ส.ค. 68 / ภาคการศึกษาปลาย 30 ธ.ค. 68 / ภาคการศึกษาฤดูร้อน 10 พ.ค. 69"
228,"คำถาม: วันสุดท้ายของการส่งขอแก้อักษร I ถึงกองบริการการศึกษา คำตอบ: ภาคการศึกษาต้น 7 ส.ค. 68 / ภาคการศึกษาปลาย 23 ธ.ค. 68 / ภาคการศึกษาฤดูร้อน 7 พ.ค. 69"
229,"คำถาม: ผู้เรียนยื่นคำร้องขอถอนรายวิชาโดยได้รับอักษร W (UP08) คำตอบ: ภาคการศึกษาต้น 8 ต.ค. 68 / ภาคการศึกษาปลาย 25 ก.พ. 69 / ภาคการศึกษาฤดูร้อน 17 พ.ค. 69"
230,"คำถาม: วันสุดท้ายคณะส่งคำร้องขอถอนรายวิชาโดยได้รับอักษร W (UP08) ถึง กบศ. คำตอบ: ภาคการศึกษาต้น 11 ต.ค. 68 / ภาคการศึกษาปลาย 28 ก.พ. 69 / ภาคการศึกษาฤดูร้อน 18 พ.ค. 69"
231,"คำถาม: ผู้เรียนยื่นคำร้องขอสำเร็จการศึกษาล่าช้า (UP25) คำตอบ: ภาคการศึกษาต้น 1 - 18 ต.ค. 68 / ภาคการศึกษาปลาย 1 - 15 ม.ค. 69 / ภาคการศึกษาฤดูร้อน 1 - 7 พ.ค. 69"
232,"คำถาม: คณะรับคำร้องขอสำเร็จการศึกษาล่าช้า (UP25) คำตอบ: ภาคการศึกษาต้น 1 - 19 ต.ค. 68 / ภาคการศึกษาปลาย 1 - 16 ม.ค. 69 / ภาคการศึกษาฤดูร้อน 1 - 8 พ.ค. 69"
233,"คำถาม: วันสุดท้ายของการยื่นคำร้องขอคืนสภาพการเป็นนิสิตเพื่อลงทะเบียนเรียน (UP4) (ผู้เรียน) คำตอบ: ภาคการศึกษาต้น 25 ส.ค. 68 / ภาคการศึกษาปลาย 24 ธ.ค. 68 / ภาคการศึกษาฤดูร้อน 7 พ.ค. 69"
234,"คำถาม: วันสุดท้ายของการยื่นคำร้องขอเพิ่มรายวิชาหลังกำหนด (UP5) (ผู้เรียน) คำตอบ: ภาคการศึกษาต้น 25 ส.ค. 68 / ภาคการศึกษาปลาย 24 ธ.ค. 68 / ภาคการศึกษาฤดูร้อน 7 พ.ค. 69"
235,"คำถาม: วันสุดท้ายคณะส่งคำร้องขอคืนสภาพการเป็นนิสิตเพื่อลงทะเบียนเรียน (UP4) ถึง กบศ. คำตอบ: ภาคการศึกษาต้น 28 ส.ค. 68 / ภาคการศึกษาปลาย 27 ธ.ค. 68 / ภาคการศึกษาฤดูร้อน 10 พ.ค. 69"
236,"คำถาม: วันสุดท้ายของคณะส่งคำร้องขอเพิ่มรายวิชาหลังกำหนด (UP5) ถึง กบศ. คำตอบ: ภาคการศึกษาต้น 28 ส.ค. 68 / ภาคการศึกษาปลาย 27 ธ.ค. 68 / ภาคการศึกษาฤดูร้อน 10 พ.ค. 69"
237,"คำถาม: วันสุดท้ายของการชำระค่าลงทะเบียนเรียน กรณีได้รับอนุมัติให้ผ่อนผัน (UP18) คำตอบ: ภาคการศึกษาต้น 31 ส.ค. 68 / ภาคการศึกษาปลาย 24 ธ.ค. 68 / ภาคการศึกษาฤดูร้อน 7 พ.ค. 69"
238,"คำถาม: วันสุดท้ายของการยื่นคำร้องขอลาพักการศึกษา (UP13) คำตอบ: ภาคการศึกษาต้น 25 ต.ค. 68 / ภาคการศึกษาปลาย 17 ก.พ. 69 / ภาคการศึกษาฤดูร้อน 25 พ.ค. 69"
239,"คำถาม: วันสุดท้ายของการยื่นคำร้องขอลาออกโดยไม่ได้รับผลการเรียน (UP14) คำตอบ: ภาคการศึกษาต้น 25 ต.ค. 68 / ภาคการศึกษาปลาย 17 ก.พ. 69 / ภาคการศึกษาฤดูร้อน 25 พ.ค. 69"
240,"คำถาม: วันสอบปลายภาค (งดการเรียนการสอน) คำตอบ: ภาคการศึกษาต้น 20 - 29 ต.ค. 68 / ภาคการศึกษาปลาย 9 - 18 มี.ค. 69 / ภาคการศึกษาฤดูร้อน 25 - 26 พ.ค. 69"
241,"คำถาม: วันสุดท้ายของการยื่นขอแก้ไขชื่อ-สกุล (UP11) ของผู้เรียนที่คาดว่าจะสำเร็จการศึกษา คำตอบ: ภาคการศึกษาต้น 29 ต.ค. 68 / ภาคการศึกษาปลาย 18 มี.ค. 69 / ภาคการศึกษาฤดูร้อน 26 พ.ค. 69"
242,"คำถาม: วันปิดภาคการศึกษา คำตอบ: ภาคการศึกษาต้น 30 ต.ค. 68 / ภาคการศึกษาปลาย 19 มี.ค. 69 / ภาคการศึกษาฤดูร้อน 27 พ.ค. 69"
243,"คำถาม: วันสุดท้ายของการส่งผลการเรียนรายวิชา ถึงคณะ คำตอบ: ภาคการศึกษาต้น 10 พ.ย. 68 / ภาคการศึกษาปลาย 30 มี.ค. 69 / ภาคการศึกษาฤดูร้อน 5 มิ.ย. 69"
244,"คำถาม: วันสุดท้ายของการส่งผลการเรียนรายวิชา ถึงกองบริการการศึกษา คำตอบ: ภาคการศึกษาต้น 13 พ.ย. 68 / ภาคการศึกษาปลาย 3 เม.ย. 69 / ภาคการศึกษาฤดูร้อน 7 มิ.ย. 69"
245,"คำถาม: วันสำเร็จการศึกษา คำตอบ: ภาคการศึกษาต้น 30 ต.ค. 68 / ภาคการศึกษาปลาย 19 มี.ค. 69 / ภาคการศึกษาฤดูร้อน 27 พ.ค. 69"
246,"คำถาม: วันสอบกลางภาค (งดการเรียนการสอนทุกชั้นปี) คำตอบ: ภาคการศึกษาต้น 4 - 10 ส.ค. 68 / ภาคการศึกษาปลาย 22 - 28 ธ.ค. 68 / ภาคฤดูร้อน -"
247,"คำถาม: วันประเมินการสอนผ่านระบบทะเบียนออนไลน์ คำตอบ: ภาคการศึกษาต้น 22 ก.ย. - 3 ต.ค. 68 / ภาคการศึกษาปลาย 9 - 20 ก.พ. 69 / ภาคฤดูร้อน 11 - 22 พ.ค. 69"
248,"คำถาม: วันสุดท้ายของการยื่นคำร้องขอลาพักการศึกษา (UP 13) คำตอบ: ภาคการศึกษาต้น 3 ต.ค. 68 / ภาคการศึกษาปลาย 20 ก.พ. 69 / ภาคฤดูร้อน 22 พ.ค. 69"
249,"คำถาม: วันสุดท้ายของการยื่นคำร้องขอลาออกโดยไม่ได้รับผลการเรียน (UP 14) คำตอบ: ภาคการศึกษาต้น 3 ต.ค. 68 / ภาคการศึกษาปลาย 20 ก.พ. 69 / ภาคฤดูร้อน 22 พ.ค. 69"
250,"คำถาม: วันสอบปลายภาค (งดการเรียนการสอนทุกชั้นปี) คำตอบ: ภาคการศึกษาต้น 6-10 และ 14-17 ต.ค. 68 / ภาคการศึกษาปลาย 23-27 ก.พ. 69 และ 4-6 มี.ค. 69 / ภาคฤดูร้อน 25-29 พ.ค. 69"
251,"คำถาม: วันสุดท้ายของการยื่นคำร้องขอแก้ไขชื่อ - สกุล (UP 11) ของนิสิตที่คาดว่าจะสำเร็จการศึกษา คำตอบ: ภาคการศึกษาต้น 17 ต.ค. 68 / ภาคการศึกษาปลาย 6 มี.ค. 69 / ภาคฤดูร้อน 29 พ.ค. 69"
252,"คำถาม: วันสุดท้ายของการยื่นผลการทดสอบภาษาอังกฤษเพื่อสำเร็จการศึกษา คำตอบ: ภาคการศึกษาต้น 20 ต.ค. 68 / ภาคการศึกษาปลาย 9 มี.ค. 69 / ภาคฤดูร้อน 2 มิ.ย. 69"
253,"คำถาม: วันปิดภาคการศึกษา คำตอบ: ภาคการศึกษาต้น 20 ต.ค. 68 / ภาคการศึกษาปลาย 9 มี.ค. 69 / ภาคฤดูร้อน 2 มิ.ย. 69"
254,"คำถาม: วันสุดท้ายของการส่งรายงานผลการเรียนรายวิชา ถึง คณะเจ้าของรายวิชา คำตอบ: ภาคการศึกษาต้น 31 ต.ค. 68 / ภาคการศึกษาปลาย 20 มี.ค. 69 / ภาคฤดูร้อน 8 มิ.ย. 69"
255,"คำถาม: วันสุดท้ายของการส่งรายงานผลการเรียนรายวิชา ถึง กองบริการการศึกษา คำตอบ: ภาคการศึกษาต้น 4 พ.ย. 68 / ภาคการศึกษาปลาย 24 มี.ค. 69 / ภาคฤดูร้อน 12 มิ.ย. 69"
256,"คำถาม: วันสำเร็จการศึกษา คำตอบ: ภาคการศึกษาต้น 20 ต.ค. 68 / ภาคการศึกษาปลาย 9 มี.ค. 69 / ภาคฤดูร้อน 2 มิ.ย. 69"
257,"คำถาม: คณะส่งข้อมูลรายวิชาตามแผนการศึกษาที่เปิดสอนถึงกองบริการการศึกษา คำตอบ: ภาคการศึกษาที่ 1 31 มี.ค. 68 / ภาคการศึกษาที่ 2 29 ก.ค. 68 / ภาคการศึกษาที่ 3 24 พ.ย. 68"
258,"คำถาม: วันสุดท้ายของการรับเอกสารขอโอนย้ายสถานศึกษา คำตอบ: ภาคการศึกษาที่ 1 16 พ.ค. 68 / ภาคการศึกษาที่ 2 12 ก.ย. 68 / ภาคการศึกษาที่ 3 9 ม.ค. 69"
259,"คำถาม: นิสิตยื่นคำร้องขอเทียบโอนรายวิชาและผลการเรียนจากสถานศึกษาเดิม (UP09) คำตอบ: ภาคการศึกษาที่ 1 16 พ.ค. - 16 มิ.ย. 68 / ภาคการศึกษาที่ 2 12 ก.ย. - 14 ต.ค. 68 / ภาคการศึกษาที่ 3 9 ม.ค. - 9 ก.พ. 69"
260,"คำถาม: คณะรับคำร้องขอเทียบโอนรายวิชาและผลการเรียนจากสถานศึกษาเดิม (UP09) คำตอบ: ภาคการศึกษาที่ 1 16 พ.ค. - 17 มิ.ย. 68 / ภาคการศึกษาที่ 2 12 ก.ย. - 15 ต.ค. 68 / ภาคการศึกษาที่ 3 9 ม.ค. - 10 ก.พ. 69"
261,"คำถาม: นิสิตยื่นคำร้องขอย้ายคณะ หลักสูตร และแผนการศึกษา ถึง คณะต้นสังกัดของนิสิต คำตอบ: ภาคการศึกษาที่ 1 6 - 16 พ.ค. 68 / ภาคการศึกษาที่ 2 1 - 12 ก.ย. 68 / ภาคการศึกษาที่ 3 29 ธ.ค. 68 - 9 ม.ค. 69"
262,"คำถาม: คณะต้นสังกัดส่งคำร้องขอย้ายคณะ หลักสูตร และแผนการศึกษา ไปยัง คณะที่รับย้าย คำตอบ: ภาคการศึกษาที่ 1 19 - 23 พ.ค. 68 / ภาคการศึกษาที่ 2 15 - 19 ก.ย. 68 / ภาคการศึกษาที่ 3 12 - 16 ม.ค. 69"
263,"คำถาม: คณะที่รับย้ายส่งคำร้องขอย้ายคณะ หลักสูตร และแผนการศึกษา ไปยัง กองบริการการศึกษา คำตอบ: ภาคการศึกษาที่ 1 26 - 30 พ.ค. 68 / ภาคการศึกษาที่ 2 22 - 26 ก.ย. 68 / ภาคการศึกษาที่ 3 19 - 23 ม.ค. 69"
264,"คำถาม: วันประกาศตารางเรียนตารางสอน คำตอบ: ภาคการศึกษาที่ 1 2 มิ.ย. 68 / ภาคการศึกษาที่ 2 29 ก.ย. 68 / ภาคการศึกษาที่ 3 26 ม.ค. 69"
265,"คำถาม: วันพบอาจารย์ที่ปรึกษา คำตอบ: ภาคการศึกษาที่ 1 2 มิ.ย. 68 / ภาคการศึกษาที่ 2 29 ก.ย. 68 / ภาคการศึกษาที่ 3 26 ม.ค. 69"
266,"คำถาม: นิสิตยื่นความประสงค์ลงทะเบียนรายวิชาตามแผนการศึกษาผ่านระบบ (UP20.1) คำตอบ: ภาคการศึกษาที่ 1 2 - 25 มิ.ย. 68 / ภาคการศึกษาที่ 2 29 ก.ย. - 21 ต.ค. 68 / ภาคการศึกษาที่ 3 26 ม.ค. - 18 ก.พ. 69"
267,"คำถาม: นิสิตเตรียมลงทะเบียนเรียน คำตอบ: ภาคการศึกษาที่ 1 2 - 6 มิ.ย. 68 / ภาคการศึกษาที่ 2 29 ก.ย. - 3 ต.ค. 68 / ภาคการศึกษาที่ 3 26 - 30 ม.ค. 69"
268,"คำถาม: วันลงทะเบียนเรียน และลงทะเบียนรักษาสภาพการเป็นนิสิต คำตอบ: ภาคการศึกษาที่ 1 9 - 13 มิ.ย. 68 / ภาคการศึกษาที่ 2 6 - 10 ต.ค. 68 / ภาคการศึกษาที่ 3 2 - 6 ก.พ. 69"
269,"คำถาม: ชำระเงินค่าลงทะเบียนทุกชั้นปี คำตอบ: ภาคการศึกษาที่ 1 9 - 13 มิ.ย. 68 / ภาคการศึกษาที่ 2 6 - 10 ต.ค. 68 / ภาคการศึกษาที่ 3 2 - 6 ก.พ. 69"
270,"คำถาม: นิสิตยื่นคำร้องขอผ่อนผันการลงทะเบียน (UP 18) คำตอบ: ภาคการศึกษาที่ 1 9 - 13 มิ.ย. 68 / ภาคการศึกษาที่ 2 6 - 10 ต.ค. 68 / ภาคการศึกษาที่ 3 2 - 6 ก.พ. 69"
271,"คำถาม: คณะรับคำร้องขอผ่อนผันการลงทะเบียน (UP 18) คำตอบ: ภาคการศึกษาที่ 1 9 - 16 มิ.ย. 68 / ภาคการศึกษาที่ 2 6 - 14 ต.ค. 68 / ภาคการศึกษาที่ 3 2 - 9 ก.พ. 69"
272,"คำถาม: คณะส่งแบบฟอร์มการขอเปิดรายวิชามายังกองบริการการศึกษา (UP21) คำตอบ: ภาคการศึกษาที่ 1 11 - 26 มิ.ย. 68 / ภาคการศึกษาที่ 2 8 - 22 ต.ค. 68 / ภาคการศึกษาที่ 3 4 - 18 ก.พ. 69"
273,"คำถาม: คณะส่งแบบฟอร์มการขอเปลี่ยนแปลงตารางเรียนตารางสอนมายังกองบริการการศึกษา (UP20) คำตอบ: ภาคการศึกษาที่ 1 11 - 26 มิ.ย. 68 / ภาคการศึกษาที่ 2 8 - 22 ต.ค. 68 / ภาคการศึกษาที่ 3 4 - 18 ก.พ. 69"
274,"คำถาม: วันเปิดภาคการศึกษา คำตอบ: ภาคการศึกษาที่ 1 16 มิ.ย. 68 / ภาคการศึกษาที่ 2 14 ต.ค. 68 / ภาคการศึกษาที่ 3 9 ก.พ. 69"
275,"คำถาม: วันเริ่มเรียน คำตอบ: ภาคการศึกษาที่ 1 21 มิ.ย. 68 / ภาคการศึกษาที่ 2 18 ต.ค. 68 / ภาคการศึกษาที่ 3 14 ก.พ. 69"
276,"คำถาม: ลงทะเบียนเรียนช้าและลงทะเบียนรักษาสภาพการเป็นนิสิต เพิ่ม-ถอนรายวิชาไม่ได้รับอักษร W คำตอบ: ภาคการศึกษาที่ 1 16 - 27 มิ.ย. 68 / ภาคการศึกษาที่ 2 14 - 24 ต.ค. 68 / ภาคการศึกษาที่ 3 9 - 20 ก.พ. 69"
277,"คำถาม: ชำระเงินค่าลงทะเบียนเรียนทุกชั้นปี (สำหรับนิสิตที่ลงทะเบียนล่าช้า) คำตอบ: ภาคการศึกษาที่ 1 17 - 27 มิ.ย. 68 / ภาคการศึกษาที่ 2 15 - 24 ต.ค. 68 / ภาคการศึกษาที่ 3 10 - 20 ก.พ. 69"
278,"คำถาม: นิสิตยื่นคำร้องขอผ่อนผันการลงทะเบียนเรียน (UP 18) (สำหรับนิสิตที่ลงทะเบียนล่าช้า) คำตอบ: ภาคการศึกษาที่ 1 17 - 27 มิ.ย. 68 / ภาคการศึกษาที่ 2 15 - 24 ต.ค. 68 / ภาคการศึกษาที่ 3 10 - 20 ก.พ. 69"
279,"คำถาม: คณะส่งคำร้องขอผ่อนผันการลงทะเบียน (UP 18) มายังกองบริการการศึกษา (สำหรับนิสิตที่ลงทะเบียนล่าช้า) คำตอบ: ภาคการศึกษาที่ 1 17 - 30 มิ.ย. 68 / ภาคการศึกษาที่ 2 15 - 27 ต.ค. 68 / ภาคการศึกษาที่ 3 10 - 23 ก.พ. 69"
280,"คำถาม: นิสิตยื่นคำร้องขอสำเร็จการศึกษา (UP 24) และชำระเงินค่าขึ้นทะเบียนปริญญาบัตร คำตอบ: ภาคการศึกษาที่ 1 16 มิ.ย. - 15 ก.ค. 68 / ภาคการศึกษาที่ 2 14 ต.ค. - 12 พ.ย. 68 / ภาคการศึกษาที่ 3 9 ก.พ. - 10 มี.ค. 69"
281,"คำถาม: วันสุดท้ายคณะรับคำร้องขอสำเร็จการศึกษา (UP 24) คำตอบ: ภาคการศึกษาที่ 1 17 ก.ค. 68 / ภาคการศึกษาที่ 2 14 พ.ย. 68 / ภาคการศึกษาที่ 3 12 มี.ค. 69"
282,"คำถาม: วันสุดท้ายคณะรวบรวมรายชื่อขอสำเร็จการศึกษา (UP 24) ถึง กองบริการการศึกษา คำตอบ: ภาคการศึกษาที่ 1 21 ก.ค. 68 / ภาคการศึกษาที่ 2 18 พ.ย. 68 / ภาคการศึกษาที่ 3 16 มี.ค. 69"
283,"คำถาม: นิสิตยื่นคำร้องขอสำเร็จการศึกษาล่าช้า (UP 25) คำตอบ: ภาคการศึกษาที่ 1 18 ก.ค. - 26 ส.ค. 68 / ภาคการศึกษาที่ 2 15 พ.ย. 68 - 23 ม.ค. 69 / ภาคการศึกษาที่ 3 13 มี.ค. - 20 พ.ค. 69"
284,"คำถาม: คณะรับคำร้องขอสำเร็จการศึกษาล่าช้า (UP 25) คำตอบ: ภาคการศึกษาที่ 1 18 ก.ค. - 29 ส.ค. 68 / ภาคการศึกษาที่ 2 15 พ.ย. 68 - 26 ม.ค. 69 / ภาคการศึกษาที่ 3 13 มี.ค. - 22 พ.ค. 69"
285,"คำถาม: วันสมัครสอบและชำระเงินค่าสมัครสอบประมวลความรู้ คำตอบ: ภาคการศึกษาที่ 1 30 มิ.ย. - 4 ก.ค. 68 / ภาคการศึกษาที่ 2 27 - 31 ต.ค. 68 / ภาคการศึกษาที่ 3 23 - 27 มี.ค. 69"
286,"คำถาม: วันสมัครสอบและชำระเงินค่าสอบประมวลความรู้ล่าช้า คำตอบ: ภาคการศึกษาที่ 1 7 - 14 ก.ค. 68 / ภาคการศึกษาที่ 2 3 - 7 พ.ย. 68 / ภาคการศึกษาที่ 3 2 - 9 เม.ย. 69"
287,"คำถาม: ประกาศรายชื่อผู้มีสิทธิ์สอบประมวลความรู้ คำตอบ: ภาคการศึกษาที่ 1 21 ก.ค. 68 / ภาคการศึกษาที่ 2 17 พ.ย. 68 / ภาคการศึกษาที่ 3 16 เม.ย. 69"
288,"คำถาม: วันสอบประมวลความรู้ คำตอบ: ภาคการศึกษาที่ 1 3 ส.ค. 68 / ภาคการศึกษาที่ 2 30 พ.ย. 68 / ภาคการศึกษาที่ 3 29 มี.ค. 69"
289,"คำถาม: วันสุดท้ายของการชำระค่าลงทะเบียนเรียน กรณีมีนิสิตที่ได้รับอนุมัติให้ผ่อนผัน (UP 18) คำตอบ: ภาคการศึกษาที่ 1 1 ส.ค. 68 / ภาคการศึกษาที่ 2 28 พ.ย. 68 / ภาคการศึกษาที่ 3 27 มี.ค. 69"
290,"คำถาม: วันสุดท้ายของการยื่นคำร้องขอคืนสภาพการเป็นนิสิตเพื่อลงทะเบียนเรียน (UP 4) (นิสิต) คำตอบ: ภาคการศึกษาที่ 1 1 ส.ค. 68 / ภาคการศึกษาที่ 2 28 พ.ย. 68 / ภาคการศึกษาที่ 3 27 มี.ค. 69"
291,"คำถาม: วันสุดท้ายของการยื่นคำร้องขอเพิ่มรายวิชาหลังกำหนด (UP 5) (นิสิต) คำตอบ: ภาคการศึกษาที่ 1 1 ส.ค. 68 / ภาคการศึกษาที่ 2 28 พ.ย. 68 / ภาคการศึกษาที่ 3 27 มี.ค. 69"
292,"คำถาม: วันสุดท้ายคณะส่งคำร้องขอคืนสภาพการเป็นนิสิตเพื่อลงทะเบียนเรียน (UP 4) ถึง งานทะเบียนนิสิต คำตอบ: ภาคการศึกษาที่ 1 4 ส.ค. 68 / ภาคการศึกษาที่ 2 1 ธ.ค. 68 / ภาคการศึกษาที่ 3 30 มี.ค. 69"
293,"คำถาม: วันสุดท้ายคณะส่งคำร้องขอเพิ่มรายวิชาหลังกำหนด (UP 5) ถึง งานทะเบียนนิสิต คำตอบ: ภาคการศึกษาที่ 1 4 ส.ค. 68 / ภาคการศึกษาที่ 2 1 ธ.ค. 68 / ภาคการศึกษาที่ 3 30 มี.ค. 69"
294,"คำถาม: นิสิตยื่นคำร้องขอถอนรายวิชาโดยได้รับอักษร W (UP 08) คำตอบ: ภาคการศึกษาที่ 1 29 ส.ค. 68 / ภาคการศึกษาที่ 2 26 ธ.ค. 68 / ภาคการศึกษาที่ 3 24 เม.ย. 69"
295,"คำถาม: คณะส่งคำร้องขอถอนรายวิชาโดยได้รับอักษร W (UP 08) ถึง งานทะเบียนนิสิต คำตอบ: ภาคการศึกษาที่ 1 1 ก.ย. 68 / ภาคการศึกษาที่ 2 29 ธ.ค. 68 / ภาคการศึกษาที่ 3 27 เม.ย. 69"
296,"คำถาม: ประกาศผลการสอบประมวลความรู้ คำตอบ: ภาคการศึกษาที่ 1 2 ก.ย. 68 / ภาคการศึกษาที่ 2 30 ธ.ค. 68 / ภาคการศึกษาที่ 3 28 เม.ย. 69"
297,"คำถาม: วันสุดท้ายของการส่งการศึกษาค้นคว้าด้วยตนเองเพื่อตรวจรูปแบบ คำตอบ: ภาคการศึกษาที่ 1 5 ก.ย. 68 / ภาคการศึกษาที่ 2 5 ม.ค. 69 / ภาคการศึกษาที่ 3 1 พ.ค. 69"
298,"คำถาม: วันสุดท้ายของการส่งรายงานผลขอแก้ไขอักษร I ถึง คณะเจ้าของรายวิชา คำตอบ: ภาคการศึกษาที่ 1 12 ก.ย. 68 / ภาคการศึกษาที่ 2 9 ม.ค. 69 / ภาคการศึกษาที่ 3 8 พ.ค. 69"
299,"คำถาม: วันประเมินการสอนผ่านระบบทะเบียนออนไลน์ คำตอบ: ภาคการศึกษาที่ 1 15 - 26 ก.ย. 68 / ภาคการศึกษาที่ 2 12 - 23 ม.ค. 69 / ภาคการศึกษาที่ 3 11 - 22 พ.ค. 69"
300,"คำถาม: วันสุดท้ายของการส่งรายงานผลขอแก้ไขอักษร I ถึง งานทะเบียนนิสิต คำตอบ: ภาคการศึกษาที่ 1 16 ก.ย. 68 / ภาคการศึกษาที่ 2 13 ม.ค. 69 / ภาคการศึกษาที่ 3 12 พ.ค. 69"
301,"คำถาม: วันสุดท้ายคณะส่งข้อมูลรายวิชาตามแผนการศึกษาที่เปิดสอน ถึง กองบริการการศึกษา คำตอบ: ภาคการศึกษาต้น 3 มี.ค. 68 / ภาคการศึกษาปลาย 21 ก.ค. 68 / ภาคฤดูร้อน 12 ม.ค. 69"
302,"คำถาม: วันสุดท้ายของการรับเอกสารขอโอนย้ายสถานศึกษา คำตอบ: ภาคการศึกษาต้น 16 พ.ค. 68 / ภาคการศึกษาปลาย 3 ต.ค. 68 / ภาคฤดูร้อน -"
303,"คำถาม: นิสิตยื่นคำร้องขอเทียบโอนรายวิชาและผลการเรียนจากสถานศึกษาเดิม คำตอบ: ภาคการศึกษาต้น 16 พ.ค. - 16 มิ.ย. 68 / ภาคการศึกษาปลาย 3 ต.ค. - 3 พ.ย. 68 / ภาคฤดูร้อน 20 ก.พ. - 23 มี.ค. 69"
304,"คำถาม: คณะรับคำร้องขอเทียบโอนรายวิชาและผลการเรียนจากสถานศึกษาเดิม คำตอบ: ภาคการศึกษาต้น 16 พ.ค. - 17 มิ.ย. 68 / ภาคการศึกษาปลาย 3 ต.ค. - 4 พ.ย. 68 / ภาคฤดูร้อน 20 ก.พ. - 24 มี.ค. 69"
305,"คำถาม: นิสิตยื่นคำร้องขอย้ายคณะ หลักสูตร และแผนการศึกษา ถึง คณะต้นสังกัดของนิสิต คำตอบ: ภาคการศึกษาต้น 28 เม.ย. - 8 พ.ค. 68 / ภาคการศึกษาปลาย 15 - 26 ก.ย. 68 / ภาคฤดูร้อน 2 - 13 ก.พ. 69"
306,"คำถาม: คณะต้นสังกัดส่งคำร้องขอย้ายคณะ หลักสูตร และแผนการศึกษา ไปยัง คณะที่รับย้าย คำตอบ: ภาคการศึกษาต้น 13 - 16 พ.ค. 68 / ภาคการศึกษาปลาย 29 ก.ย. - 3 ต.ค. 68 / ภาคฤดูร้อน 16 - 20 ก.พ. 69"
307,"คำถาม: คณะที่รับย้ายส่งคำร้องขอย้ายคณะ หลักสูตร และแผนการศึกษา ไปยัง กองบริการการศึกษา คำตอบ: ภาคการศึกษาต้น 19 - 23 พ.ค. 68 / ภาคการศึกษาปลาย 6 - 10 ต.ค. 68 / ภาคฤดูร้อน 23 - 27 ก.พ. 69"
308,"คำถาม: คณะตรวจสอบรายวิชาตามแผนการศึกษา คำตอบ: ภาคการศึกษาต้น 26 - 30 พ.ค. 68 / ภาคการศึกษาปลาย 14 - 17 ต.ค. 68 / ภาคฤดูร้อน 2 - 6 มี.ค. 69"
309,"คำถาม: วันประกาศตารางเรียนตารางสอน คำตอบ: ภาคการศึกษาต้น 2 มิ.ย. 68 / ภาคการศึกษาปลาย 20 ต.ค. 68 / ภาคฤดูร้อน 9 มี.ค. 69"
310,"คำถาม: วันพบอาจารย์ที่ปรึกษา คำตอบ: ภาคการศึกษาต้น 2 มิ.ย. 68 / ภาคการศึกษาปลาย 20 ต.ค. 68 / ภาคฤดูร้อน 9 มี.ค. 69"
311,"คำถาม: นิสิตยื่นความประสงค์ลงทะเบียนรายวิชาตามแผนการศึกษาผ่านระบบ (UP20.1) คำตอบ: ภาคการศึกษาต้น 2 - 25 มิ.ย. 68 / ภาคการศึกษาปลาย 20 ต.ค. - 12 พ.ย. 68 / ภาคฤดูร้อน 9 - 25 มี.ค. 69"
312,"คำถาม: นิสิตเตรียมลงทะเบียนเรียน คำตอบ: ภาคการศึกษาต้น 2 - 6 มิ.ย. 68 / ภาคการศึกษาปลาย 20 - 24 ต.ค. 68 / ภาคฤดูร้อน 9 - 13 มี.ค. 69"
313,"คำถาม: วันลงทะเบียนเรียน ลงทะเบียนรักษาสภาพการเป็นนิสิต คำตอบ: ภาคการศึกษาต้น 9 - 13 มิ.ย. 68 / ภาคการศึกษาปลาย 27 - 31 ต.ค. 68 / ภาคฤดูร้อน 16 - 20 มี.ค. 69"
314,"คำถาม: ชำระเงินค่าลงทะเบียน (เริ่มชำระได้ตั้งแต่ยืนยันการลงทะเบียน) คำตอบ: ภาคการศึกษาต้น 9 - 13 มิ.ย. 68 / ภาคการศึกษาปลาย 27 - 31 ต.ค. 68 / ภาคฤดูร้อน 16 - 20 มี.ค. 69"
315,"คำถาม: นิสิตยื่นคำร้องขอผ่อนผันการลงทะเบียนเรียน (UP 18) คำตอบ: ภาคการศึกษาต้น 9 - 13 มิ.ย. 68 / ภาคการศึกษาปลาย 27 - 31 ต.ค. 68 / ภาคฤดูร้อน 16 - 20 มี.ค. 69"
316,"คำถาม: คณะส่งคำร้องขอผ่อนผันการลงทะเบียนเรียน (UP 18) ถึง กองบริการการศึกษา คำตอบ: ภาคการศึกษาต้น 9 - 16 มิ.ย. 68 / ภาคการศึกษาปลาย 27 ต.ค. - 3 พ.ย. 68 / ภาคฤดูร้อน 16 - 23 มี.ค. 69"
317,"คำถาม: คณะส่งแบบฟอร์มการขอเปลี่ยนแปลงตารางเรียนตารางสอน ถึง กองบริการการศึกษา (UP20) คำตอบ: ภาคการศึกษาต้น 11 - 26 มิ.ย. 68 / ภาคการศึกษาปลาย 29 ต.ค. - 13 พ.ย. 68 / ภาคฤดูร้อน 9 - 26 มี.ค. 69"
318,"คำถาม: คณะส่งแบบฟอร์มการขอเปิดรายวิชา ถึง กองบริการการศึกษา (UP21) คำตอบ: ภาคการศึกษาต้น 11 - 26 มิ.ย. 68 / ภาคการศึกษาปลาย 29 ต.ค. - 13 พ.ย. 68 / ภาคฤดูร้อน 9 - 26 มี.ค. 69"
319,"คำถาม: วันเปิดภาคการศึกษา คำตอบ: ภาคการศึกษาต้น 16 มิ.ย. 68 / ภาคการศึกษาปลาย 3 พ.ย. 68 / ภาคฤดูร้อน 23 มี.ค. 69"
320,"คำถาม: ลงทะเบียนเรียนล่าช้าและลงทะเบียนรักษาสภาพการเป็นนิสิต เพิ่ม-ถอนรายวิชาไม่ได้รับอักษร W คำตอบ: ภาคการศึกษาต้น 16 - 27 มิ.ย. 68 / ภาคการศึกษาปลาย 3 - 14 พ.ย. 68 / ภาคฤดูร้อน 23 - 27 มี.ค. 69"
321,"คำถาม: ชำระเงินค่าลงทะเบียนเรียนทุกชั้นปี (สำหรับนิสิตที่ลงทะเบียนล่าช้า) คำตอบ: ภาคการศึกษาต้น 17 - 27 มิ.ย. 68 / ภาคการศึกษาปลาย 4 - 14 พ.ย. 68 / ภาคฤดูร้อน 24 - 27 มี.ค. 69"
322,"คำถาม: นิสิตยื่นคำร้องขอผ่อนผันการลงทะเบียนเรียน (UP 18) (สำหรับนิสิตที่ลงทะเบียนล่าช้า) คำตอบ: ภาคการศึกษาต้น 17 - 27 มิ.ย. 68 / ภาคการศึกษาปลาย 4 - 14 พ.ย. 68 / ภาคฤดูร้อน 24 - 27 มี.ค. 69"
323,"คำถาม: คณะรับคำร้องขอผ่อนผันการลงทะเบียนเรียน (UP 18) (สำหรับนิสิตที่ลงทะเบียนล่าช้า) คำตอบ: ภาคการศึกษาต้น 17 - 30 มิ.ย. 68 / ภาคการศึกษาปลาย 4 - 17 พ.ย. 68 / ภาคฤดูร้อน 24 - 30 มี.ค. 69"
324,"คำถาม: นิสิตยื่นคำร้องขอสำเร็จการศึกษา (UP 24) และชำระเงินค่าขึ้นทะเบียนปริญญาบัตร คำตอบ: ภาคการศึกษาต้น 16 มิ.ย. - 15 ก.ค. 68 / ภาคการศึกษาปลาย 3 พ.ย. - 2 ธ.ค. 68 / ภาคฤดูร้อน 23 มี.ค. - 21 เม.ย. 69"
325,"คำถาม: วันสุดท้ายคณะรับคำร้องขอสำเร็จการศึกษา (UP 24) คำตอบ: ภาคการศึกษาต้น 17 ก.ค. 68 / ภาคการศึกษาปลาย 4 ธ.ค. 68 / ภาคฤดูร้อน 23 เม.ย. 69"
326,"คำถาม: วันสุดท้ายคณะรวบรวมรายชื่อขอสำเร็จการศึกษา (UP 24) ถึง กองบริการการศึกษา คำตอบ: ภาคการศึกษาต้น 21 ก.ค. 68 / ภาคการศึกษาปลาย 9 ธ.ค. 68 / ภาคฤดูร้อน 27 เม.ย. 69"
327,"คำถาม: นิสิตยื่นคำร้องขอสำเร็จการศึกษาล่าช้า (UP 25) คำตอบ: ภาคการศึกษาต้น 18 ก.ค. - 1 ต.ค. 68 / ภาคการศึกษาปลาย 5 ธ.ค. 67 - 18 ก.พ. 69 / ภาคฤดูร้อน 24 เม.ย. - 20 พ.ค. 69"
328,"คำถาม: คณะรับคำร้องขอสำเร็จการศึกษาล่าช้า (UP 25) คำตอบ: ภาคการศึกษาต้น 18 ก.ค. - 2 ต.ค. 68 / ภาคการศึกษาปลาย 5 ธ.ค. 67 - 19 ก.พ. 69 / ภาคฤดูร้อน 24 เม.ย. - 21 พ.ค. 69"
329,"คำถาม: วันสุดท้ายนิสิตยื่นคำร้องขอถอนรายวิชาโดยได้รับอักษร W (UP 08) คำตอบ: ภาคการศึกษาต้น 19 ก.ย. 68 / ภาคการศึกษาปลาย 6 ก.พ. 69 / ภาคฤดูร้อน 8 พ.ค. 69"
330,"คำถาม: วันสุดท้ายคณะส่งคำร้องขอถอนรายวิชาโดยได้รับอักษร W (UP 08) ถึง กองบริการการศึกษา คำตอบ: ภาคการศึกษาต้น 22 ก.ย. 68 / ภาคการศึกษาปลาย 9 ก.พ. 69 / ภาคฤดูร้อน 11 พ.ค. 69"
331,"คำถาม: สอบวัดคุณสมบัติ (ครั้งที่ 1) วันสมัครสอบและชำระเงินค่าสมัครสอบวัดคุณสมบัติ คำตอบ: ภาคการศึกษาต้น 30 มิ.ย. - 4 ก.ค. 68 / ภาคการศึกษาปลาย 17 - 21 พ.ย. 68 / ภาคฤดูร้อน 30 - 31 มี.ค. 69 และ 1 - 3 เม.ย. 69"
332,"คำถาม: สอบวัดคุณสมบัติ (ครั้งที่ 1) วันสมัครสอบและชำระเงินค่าสอบวัดคุณสมบัติล่าช้า คำตอบ: ภาคการศึกษาต้น 7 - 14 ก.ค. 68 / ภาคการศึกษาปลาย 24 - 28 พ.ย. 68 / ภาคฤดูร้อน 7 - 10 เม.ย. 69"
333,"คำถาม: สอบวัดคุณสมบัติ (ครั้งที่ 1) ประกาศรายชื่อผู้มีสิทธิ์สอบวัดคุณสมบัติ คำตอบ: ภาคการศึกษาต้น 18 ก.ค. 68 / ภาคการศึกษาปลาย 8 ธ.ค. 68 / ภาคฤดูร้อน 20 เม.ย. 69"
334,"คำถาม: สอบวัดคุณสมบัติ (ครั้งที่ 1) วันสอบวัดคุณสมบัติ คำตอบ: ภาคการศึกษาต้น 25 - 27 ก.ค. 68 / ภาคการศึกษาปลาย 12 - 14 ธ.ค. 68 / ภาคฤดูร้อน 24 - 26 เม.ย. 69"
335,"คำถาม: สอบวัดคุณสมบัติ (ครั้งที่ 1) คณะ/วิทยาลัย รายงานผลการสอบวัดคุณสมบัติให้มหาวิทยาลัยทราบ คำตอบ: ภาคการศึกษาต้น 8 ส.ค. 68 / ภาคการศึกษาปลาย 26 ธ.ค. 68 / ภาคฤดูร้อน 8 พ.ค. 69"
336,"คำถาม: สอบวัดคุณสมบัติ (ครั้งที่ 1) ประกาศผลการสอบวัดคุณสมบัติ คำตอบ: ภาคการศึกษาต้น 22 ส.ค. 68 / ภาคการศึกษาปลาย 9 ม.ค. 69 / ภาคฤดูร้อน 29 พ.ค. 69"
337,"คำถาม: สอบวัดคุณสมบัติ (ครั้งที่ 2) วันสมัครสอบและชำระเงินค่าสมัครสอบวัดคุณสมบัติ คำตอบ: ภาคการศึกษาต้น 25 - 29 ส.ค. 68 / ภาคการศึกษาปลาย 12 - 16 ม.ค. 69 / ภาคฤดูร้อน -"
338,"คำถาม: สอบวัดคุณสมบัติ (ครั้งที่ 2) วันสมัครสอบและชำระเงินค่าสอบวัดคุณสมบัติล่าช้า คำตอบ: ภาคการศึกษาต้น 1 - 5 ก.ย. 68 / ภาคการศึกษาปลาย 19 - 23 ม.ค. 69 / ภาคฤดูร้อน -"
339,"คำถาม: สอบวัดคุณสมบัติ (ครั้งที่ 2) ประกาศรายชื่อผู้มีสิทธิ์สอบวัดคุณสมบัติ คำตอบ: ภาคการศึกษาต้น 12 ก.ย. 68 / ภาคการศึกษาปลาย 30 ม.ค. 69 / ภาคฤดูร้อน -"
340,"คำถาม: สอบวัดคุณสมบัติ (ครั้งที่ 2) วันสอบวัดคุณสมบัติ คำตอบ: ภาคการศึกษาต้น 19 - 21 ก.ย. 68 / ภาคการศึกษาปลาย 6 - 8 ก.พ. 69 / ภาคฤดูร้อน -"
341,"คำถาม: สอบวัดคุณสมบัติ (ครั้งที่ 2) คณะ/วิทยาลัย รายงานผลการสอบวัดคุณสมบัติให้มหาวิทยาลัยทราบ คำตอบ: ภาคการศึกษาต้น 3 ต.ค. 68 / ภาคการศึกษาปลาย 20 ก.พ. 69 / ภาคฤดูร้อน -"
342,"คำถาม: สอบวัดคุณสมบัติ (ครั้งที่ 2) ประกาศผลการสอบวัดคุณสมบัติ (วันสุดท้ายของการสอบปลายภาค) คำตอบ: ภาคการศึกษาต้น 17 ต.ค. 68 / ภาคการศึกษาปลาย 6 มี.ค. 69 / ภาคฤดูร้อน -"
343,"คำถาม: วันสุดท้ายของการยื่นคำร้องขอคืนสภาพการเป็นนิสิตเพื่อลงทะเบียนเรียน (UP 4) (นิสิต) คำตอบ: ภาคการศึกษาต้น 1 ส.ค. 68 / ภาคการศึกษาปลาย 19 ธ.ค. 68 / ภาคฤดูร้อน 24 เม.ย. 69"
344,"คำถาม: วันสุดท้ายของการยื่นคำร้องขอเพิ่มรายวิชาหลังกำหนด (UP 5) (นิสิต) คำตอบ: ภาคการศึกษาต้น 1 ส.ค. 68 / ภาคการศึกษาปลาย 19 ธ.ค. 68 / ภาคฤดูร้อน 24 เม.ย. 69"
345,"คำถาม: วันสุดท้ายคณะส่งคำร้องขอคืนสภาพการเป็นนิสิตเพื่อลงทะเบียนเรียน (UP 4) ถึง กองบริการการศึกษา คำตอบ: ภาคการศึกษาต้น 4 ส.ค. 68 / ภาคการศึกษาปลาย 22 ธ.ค. 68 / ภาคฤดูร้อน 27 เม.ย. 69"
346,"คำถาม: วันสุดท้ายคณะส่งคำร้องขอเพิ่มรายวิชาหลังกำหนด (UP 5) ถึง กองบริการการศึกษา คำตอบ: ภาคการศึกษาต้น 4 ส.ค. 68 / ภาคการศึกษาปลาย 22 ธ.ค. 68 / ภาคฤดูร้อน 27 เม.ย. 69"
347,"คำถาม: วันสุดท้ายของการชำระค่าลงทะเบียนเรียน กรณีมีนิสิตที่ได้รับอนุมัติให้ผ่อนผัน (UP 18) คำตอบ: ภาคการศึกษาต้น 1 ส.ค. 68 / ภาคการศึกษาปลาย 19 ธ.ค. 68 / ภาคฤดูร้อน 24 เม.ย. 69"
348,"คำถาม: วันสมัครขอรับทุนอุดหนุนการทำวิทยานิพนธ์ (สมัครที่คณะ/วิทยาลัย) คำตอบ: ภาคการศึกษาต้น 4 - 8 ส.ค. 68 / ภาคการศึกษาปลาย 22 - 26 ธ.ค. 68 / ภาคฤดูร้อน 27 เม.ย. - 1 พ.ค. 69"
349,"คำถาม: คณะ/วิทยาลัยพิจารณาคุณสมบัติผู้สมัครขอรับทุนอุดหนุนการทำวิทยานิพนธ์ คำตอบ: ภาคการศึกษาต้น 11 - 22 ส.ค. 68 / ภาคการศึกษาปลาย 29 ธ.ค. 68 - 9 ม.ค. 69 / ภาคฤดูร้อน 5 - 11 พ.ค. 69"
350,"คำถาม: วันประเมินการสอนผ่านระบบทะเบียนออนไลน์ คำตอบ: ภาคการศึกษาต้น 22 ก.ย. - 3 ต.ค. 68 / ภาคการศึกษาปลาย 9 - 20 ก.พ. 69 / ภาคฤดูร้อน 11 - 22 พ.ค. 69"
351,"คำถาม: วันสุดท้ายของการส่งวิทยานิพนธ์เพื่อตรวจรูปแบบ คำตอบ: ภาคการศึกษาต้น 26 ก.ย. 68 / ภาคการศึกษาปลาย 13 ก.พ. 69 / ภาคฤดูร้อน 8 พ.ค. 69"
352,"คำถาม: วันสุดท้ายของการยื่นคำร้องขอลาพักการศึกษา (UP 13) คำตอบ: ภาคการศึกษาต้น 3 ต.ค. 68 / ภาคการศึกษาปลาย 20 ก.พ. 69 / ภาคฤดูร้อน 22 พ.ค. 69"
353,"คำถาม: วันสุดท้ายของการยื่นคำร้องขอลาออกโดยไม่ได้รับผลการเรียน (UP 14) คำตอบ: ภาคการศึกษาต้น 3 ต.ค. 68 / ภาคการศึกษาปลาย 20 ก.พ. 69 / ภาคฤดูร้อน 22 พ.ค. 69"
354,"คำถาม: วันสุดท้ายของการส่งรายงานผลขอแก้ไขอักษร I ถึง คณะเจ้าของรายวิชา คำตอบ: ภาคการศึกษาต้น 3 ต.ค. 68 / ภาคการศึกษาปลาย 20 ก.พ. 69 / ภาคฤดูร้อน 15 พ.ค. 69"
355,"คำถาม: วันสุดท้ายของการส่งรายงานผลขอแก้ไขอักษร I ถึง กองบริการการศึกษา คำตอบ: ภาคการศึกษาต้น 7 ต.ค. 68 / ภาคการศึกษาปลาย 24 ก.พ. 69 / ภาคฤดูร้อน 19 พ.ค. 69"
356,"คำถาม: สอบปลายภาค (งดการเรียนการสอนทุกชั้นปี) คำตอบ: ภาคการศึกษาต้น 6-10 และ 14-17 ต.ค. 68 / ภาคการศึกษาปลาย 23-27 ก.พ. 69 และ 4-6 มี.ค. 69 / ภาคฤดูร้อน 25-29 พ.ค. 69"
357,"คำถาม: วันสุดท้ายของการประกาศผลผู้ได้รับทุนอุดหนุนการทำวิทยานิพนธ์ คำตอบ: ภาคการศึกษาต้น 17 ต.ค. 68 / ภาคการศึกษาปลาย 6 มี.ค. 69 / ภาคฤดูร้อน 29 พ.ค. 69"
358,"คำถาม: วันสุดท้ายของการยื่นคำร้องขอแก้ไขชื่อ - สกุล (UP 11) ของนิสิตที่คาดว่าจะสำเร็จการศึกษา คำตอบ: ภาคการศึกษาต้น 17 ต.ค. 68 / ภาคการศึกษาปลาย 6 มี.ค. 69 / ภาคฤดูร้อน 29 พ.ค. 69"
359,"คำถาม: วันสุดท้ายของการส่งวิทยานิพนธ์ฉบับสมบูรณ์เพื่อขอสำเร็จการศึกษา คำตอบ: ภาคการศึกษาต้น 20 ต.ค. 68 / ภาคการศึกษาปลาย 9 มี.ค. 69 / ภาคฤดูร้อน 2 มิ.ย. 69"
360,"คำถาม: วันสุดท้ายของการส่งแบบฟอร์มขออนุมัติสำเร็จการศึกษา บศ.16 บศ.17 คำตอบ: ภาคการศึกษาต้น 20 ต.ค. 68 / ภาคการศึกษาปลาย 9 มี.ค. 69 / ภาคฤดูร้อน 2 มิ.ย. 69"
361,"คำถาม: วันปิดภาคการศึกษา คำตอบ: ภาคการศึกษาต้น 20 ต.ค. 68 / ภาคการศึกษาปลาย 9 มี.ค. 69 / ภาคฤดูร้อน 2 มิ.ย. 69"
362,"คำถาม: วันสุดท้ายของการส่งรายงานผลการเรียนรายวิชา ถึง คณะเจ้าของรายวิชา คำตอบ: ภาคการศึกษาต้น 31 ต.ค. 68 / ภาคการศึกษาปลาย 20 มี.ค. 69 / ภาคฤดูร้อน 8 มิ.ย. 69"
363,"คำถาม: วันสุดท้ายของการส่งรายงานผลการเรียนรายวิชา ถึง กองบริการการศึกษา คำตอบ: ภาคการศึกษาต้น 4 พ.ย. 68 / ภาคการศึกษาปลาย 24 มี.ค. 69 / ภาคฤดูร้อน 12 มิ.ย. 69"
364,"คำถาม: วันสำเร็จการศึกษา คำตอบ: ภาคการศึกษาต้น 20 ต.ค. 68 / ภาคการศึกษาปลาย 9 มี.ค. 69 / ภาคฤดูร้อน 2 มิ.ย. 69"
365,"คำถาม: เมนูหลักผู้กู้รายเก่า / ผู้กู้รายเก่า (กู้ต่อเนื่อง) มีหัวข้ออะไรบ้าง คำตอบ: ระบบบริการข้อมูลสำหรับ ผู้กู้รายเก่า (กู้ต่อเนื่อง) เพื่อความรวดเร็วในการตรวจสอบ กรุณาเลือกหัวข้อที่ต้องการทราบได้เลยครับ: -เอกสารที่ต้องใช้ (และข้อควรระวัง) -ขั้นตอนการยื่นกู้ (สำหรับรายเก่า) -วิธีเช็คสถานะ (การอนุมัติ) -การแก้ไขข้อมูล (หากข้อมูลผิด)"
366,"คำถาม: เอกสารที่ต้องใช้สำหรับผู้กู้รายเก่า / รายเก่าใช้เอกสารอะไรบ้าง คำตอบ: 1. รายการเอกสาร (สำหรับผู้กู้รายเก่า) ผู้กู้รายเก่าใช้เอกสารน้อยกว่ารายใหม่ครับ โดยหลักๆ คือ: 1.แบบคำขอกู้ยืมเงิน (พิมพ์จากระบบ) 2.แบบยืนยันการเบิกเงินกู้ยืม (2 ฉบับ) 3.สำเนาบัตรประชาชนนิสิต (ที่ยังไม่หมดอายุ) 4.เอกสารแสดงผลการเรียน (เกรดเฉลี่ยสะสม) 5.จิตอาสา (36ชม. ตามเกณฑ์ที่มหาวิทยาลัยกำหนด) ข้อควรระวัง: ต้องลงนามด้วย ปากกาลูกลื่นหมึกสีน้ำเงิน เท่านั้น ห้ามใช้หมึกซึม/หมึกเจล/หมึกดำ และห้ามใช้น้ำยาลบคำผิด (ลิควิด) โดยเด็ดขาดครับ"
367,"คำถาม: ขั้นตอนการกู้ยืมของผู้กู้รายเก่า / รายเก่ากู้ยังไง คำตอบ: 2. ขั้นตอนการกู้ยืม (รายเก่าเลื่อนชั้นปี) ขั้นตอนจะง่ายกว่ารายใหม่ครับ: 1.เข้าไปที่แอป กยศ. Connect หรือเว็บ DSL 2.เลือกเมนู ยื่นคำขอกู้ยืมเงิน (เลือกภาคเรียนปัจจุบัน) 3.ตรวจสอบข้อมูลส่วนตัวและกดส่งคำขอ 4.รอสถานศึกษาตรวจสอบคุณสมบัติ (เกรด/จิตอาสา) 5.เมื่อผ่านแล้ว ให้พิมพ์ แบบยืนยันการเบิกเงิน มาส่งที่มหาวิทยาลัยครับ"
368,"คำถาม: วิธีเช็คสถานะการอนุมัติของผู้กู้รายเก่า / รายเก่าเช็คสถานะยังไง คำตอบ: ท่านสามารถตรวจสอบสถานะได้ 2 ช่องทางครับ: 1.แอปพลิเคชัน กยศ. Connect: ดูที่หน้าแรก สถานะจะเปลี่ยนไปตามขั้นตอน (เช่น รอสถานศึกษาตรวจสอบ -> อนุมัติแล้ว) 2.เพจ กยศ. มหาวิทยาลัยพะเยา: สำหรับติดตามประกาศรายชื่อผู้มีสิทธิ์กู้ยืมในแต่ละรอบ โดยปกติรายเก่าจะใช้เวลาอนุมัติเร็วกว่ารายใหม่ หากเอกสารครบถ้วนครับ"
369,"คำถาม: การแก้ไขข้อมูลของผู้กู้รายเก่า / รายเก่าเปลี่ยนเบอร์ เปลี่ยนชื่อ โอนเงินผิดทำยังไง คำตอบ: 4. การแก้ไขข้อมูลส่วนตัว กรณีเปลี่ยนเบอร์โทร/ที่อยู่: สามารถแก้ไขได้ด้วยตนเองในแอป กยศ. Connect (เมนูข้อมูลส่วนตัว) กรณีเปลี่ยนชื่อ-สกุล: ต้องนำเอกสารการเปลี่ยนชื่อ ไปติดต่อแจ้งที่ งานกองทุนกู้ยืม (ห้อง กยศ.) ของมหาวิทยาลัย เพื่อให้เจ้าหน้าที่อัปเดตข้อมูลในระบบให้ครับ กรณีข้อมูลการโอนเงินผิด: ให้รีบติดต่อธนาคารกรุงไทยโดยด่วนครับ"
370,"คำถาม: กองทุนเงินให้กู้ยืมเพื่อการศึกษา คืออะไร / กยศ. คืออะไร คำตอบ: กยศ. (กองทุนเงินให้กู้ยืมเพื่อการศึกษา) คือ กองทุนของรัฐบาลที่ให้นิสิตกู้ยืมเงินเพื่อเป็นโอกาสทางการศึกษาครับ โดยช่วยซัพพอร์ต 2 ส่วนหลักๆ คือ ค่าเล่าเรียน จ่ายตรงเข้ามหาวิทยาลัย ค่าครองชีพ โอนเข้านิสิตรายเดือน (3000 บาทต่อเดือน) ข้อดี ดอกเบี้ยต่ำมาก (1% ต่อปี) และเริ่มผ่อนคืนหลังจากเรียนจบแล้วครับ หากน้องสนใจกู้ยืม ให้พิมพ์เลือกเมนู รายใหม่ หรือ รายเก่า เพื่อดูขั้นตอนได้เลยครับ"
371,"คำถาม: ผู้กู้รายใหม่ คือใคร / เริ่มต้นกู้ กยศ. ต้องทำอย่างไร คำตอบ: ผู้กู้รายใหม่ คือ นิสิตที่ไม่เคยได้รับอนุมัติให้กู้ยืมเงินกองทุนมาก่อน หรือเป็นนิสิตปี 1 ที่เพิ่งเริ่มกู้ครั้งแรกในปีนี้ครับ สิ่งที่ต้องทำเป็นอันดับแรก ต้องเข้าไปลงทะเบียนขอสิทธิ์เข้าใช้งานในระบบ DSL หรือแอปพลิเคชัน กยศ. Connect ให้เรียบร้อยก่อน จึงจะสามารถเริ่มยื่นคำขอกู้ยืมได้ครับ"
372,"คำถาม: ขั้นตอนการลงทะเบียนแอป กยศ. Connect ทำอย่างไร / สมัครแอป กยศ. ยังไง คำตอบ: ขั้นตอนการลงทะเบียน กยศ. Connect ให้ดาวน์โหลดแอปพลิเคชัน กยศ. Connect เลือกเมนู ลงทะเบียนขอสิทธิ์เข้าใช้งาน กรอกข้อมูลบัตรประชาชน และยืนยันรหัส OTP ผ่านเบอร์โทรศัพท์ หมายเหตุ หากสแกนหน้าไม่ผ่าน หรือเบอร์โทรศัพท์ไม่ถูกต้อง ให้นำบัตรประชาชนไปติดต่อยืนยันตัวตนที่ธนาคารกรุงไทยครับ"
373,"คำถาม: เอกสารที่ต้องใช้สำหรับผู้กู้รายใหม่มีอะไรบ้าง / รายใหม่ใช้เอกสารอะไรบ้าง คำตอบ: รายการเอกสารที่ต้องใช้ ได้แก่ สัญญากู้ยืมเงิน 2 ฉบับ แบบเบิกเงินกู้ยืม 2 ฉบับ สำเนาบัตรประชาชนนิสิต สำเนาบัตรประชาชนบิดามารดาผู้ปกครอง เอกสารรับรองรายได้ กยศ. 102 หรือสลิปเงินเดือน เพิ่มเติมในแบบฟอร์ม กยศ. 102 ให้วาดแผนผังที่อยู่อาศัยแนบแทนรูปถ่ายบ้านได้เลยครับ ข้อควรระวัง ต้องลงนามด้วยปากกาลูกลื่นหมึกสีน้ำเงินเท่านั้น ห้ามใช้หมึกซึม หมึกเจล หมึกดำ ห้ามใช้น้ำยาลบคำผิดหรือขีดฆ่าเด็ดขาด หากเขียนผิดต้องเปลี่ยนกระดาษใบใหม่เท่านั้นครับ"
374,"คำถาม: การเปิดบัญชีธนาคาร กยศ. ต้องใช้ธนาคารอะไร / ใช้บัญชีเดิมได้ไหม คำตอบ: การเปิดบัญชีธนาคารต้องใช้บัญชีธนาคารกรุงไทยเท่านั้นครับ สามารถนำแอป กยศ. Connect ไปติดต่อสาขาเพื่อขอเปิดบัญชีได้เลย หากมีบัญชีกรุงไทยอยู่แล้ว สามารถใช้บัญชีเดิมได้ ไม่ต้องเปิดใหม่ แต่ชื่อบัญชีต้องเป็นชื่อของนิสิตเท่านั้นครับ"
375,"คำถาม: เงินค่าครองชีพ กยศ. โอนวันไหน / สำรองจ่ายค่าเทอมไปก่อนจะได้คืนไหม คำตอบ: เรื่องเงินโอนและค่าครองชีพ 3000 บาท จะโอนเข้าหลังจากสถานศึกษายืนยันข้อมูลการลงทะเบียนเรียนแล้วประมาณ 30 วัน งวดแรกอาจล่าช้ากว่าปกติ การสำรองจ่าย หากนิสิตสำรองจ่ายค่าเทอมไปก่อนจะได้รับเงินคืนเข้าบัญชีนิสิตโดยตรง หลังจากกองทุนโอนเงินมาที่มหาวิทยาลัยแล้วครับ"
376,"คำถาม: วิธีเช็คสถานะการอนุมัติผู้กู้รายใหม่ / ดูว่ากู้ผ่านไหมตรงไหน คำตอบ: การเช็คสถานะสำหรับผู้กู้รายใหม่ น้องๆ สามารถตรวจสอบผลการอนุมัติได้ในแอป กยศ. Connect ไปที่เมนู ยื่นคำขอกู้ยืม ดูแถบสถานะด้านบนต้องรอให้ขึ้นคำว่า อนุมัติแล้ว สีเขียว สามารถเข้าไปติดตามดูที่หน้าเพจ กยศ. ของมหาวิทยาลัยได้เลยครับ ข้อแนะนำ ปกติรายใหม่จะใช้เวลาตรวจสอบเอกสารนานกว่ารายเก่านิดนึงนะครับ ประมาณ 1-2 เดือน โปรดรอ SMS แจ้งเตือนครับ"
377,"คำถาม: การยื่นกู้ยืม กยศ. ภาคเรียนที่ 2 ปีการศึกษา 2567 ต้องทำอย่างไร ส่งเอกสารวันไหน คำตอบ: ให้นิสิตทำแบบเบิกเงินกู้ยืม พิมพ์แบบเบิกเงินกู้ยืมและลงนามโดยเจ้าของชื่อห้ามเซ็นแทนผู้ปกครอง นำเอกสารมาส่งที่ห้องงานทุนการศึกษา อาคารสงวนเสริมศรี วันที่ 1-9 ตุลาคม 2567 เอกสารมีดังนี้ แบบเบิกเงินกู้ยืม สำเนาบัตรประชาชนผู้กู้ยืม สำเนาบัตรประชาชนผู้ปกครองกรณีอายุไม่ถึง 20 ปีบริบูรณ์ หมายเหตุ บัตรประชาชนต้องไม่หมดอายุ รับรองสำเนาโดยเจ้าของบัตรเท่านั้น การลงลายมือชื่อต้องเหมือนกันทั้งในแบบเบิกเงินและสำเนา ตรวจสอบรายชื่อผู้มีสิทธิผ่อนผัน ถ้ามีเครื่องหมายถูกสีเขียว ไม่ต้องสำรองเงินจ่ายค่าเทอม วันที่ 11 ตุลาคม 2567 หากไม่มีรายชื่อให้ติดต่อที่ห้องงานทุนการศึกษาภายในวันที่ 15-18 ตุลาคม 2567 เท่านั้น"
378,"คำถาม: วิธีการตรวจสอบการผ่อนผันค่าธรรมเนียมการศึกษา กรณีเป็นผู้กู้ยืม กยศ. ทำอย่างไร คำตอบ: ให้นิสิตตรวจสอบตามภาคเรียนที่ลงทะเบียนเรียน โดยเข้าสู่ระบบ Reg เลือกระบบทะเบียนออนไลน์ เลือกรายการด้านการเงิน และเลือกข้อมูลเงินกู้ยืม ตรวจสอบเครื่องหมายถูกสีเขียวตามภาคเรียนที่ลงทะเบียนเรียน"
379,"คำถาม: นิสิตที่ทำสัญญา กยศ. กับธนาคารอิสลาม ต้องทำอย่างไรเกี่ยวกับการโอนเงินค่าเทอมคืน / ส่งสำเนาบัญชีกรุงไทยที่ไหน คำตอบ: นิสิตที่ทำสัญญา กยศ. กับธนาคารอิสลาม ทุกคน ทุกชั้นปี ให้นิสิตส่งสำเนาบัญชีธนาคารกรุงไทย สามารถใช้บัญชีเดิมที่มีอยู่ หรือจะเปิดบัญชีใหม่ก็ได้ สถานะบัญชีต้องใช้งานได้ตามปกติ เนื่องจากการโอนเงินค่าเทอมคืนนิสิตต้องเป็นบัญชีธนาคารกรุงไทยเท่านั้น ส่งเอกสารสำเนาได้ที่งานทุนการศึกษา อาคารสงวนเสริมศรี ตั้งแต่วันนี้ - 15 ตุลาคม 2567"
380,"คำถาม: ขั้นตอนการยืนยันเอกสาร กยศ. ต้องทำอย่างไรบ้าง คำตอบ: ขั้นตอนการยืนยันเอกสาร กยศ. มีดังนี้ 1. นิสิตส่งเอกสาร 2. สแกนเอกสารแยกไฟล์ทีละฉบับ 3. แยกเอกสารออกตามลักษณะการกู้ยืม 4. เข้าชุดเอกสารชุดละ 50 ฉบับ 5. เรียงลำดับเอกสารตามเลขที่แบบยืนยันในแต่ละชุด 6. นำเอกสารเข้าสู่ระบบพร้อมแนบสัญญาและแบบเบิกทีละชุด 7. เสนอเอกสารให้ผู้บริหารลงนาม 8. นำเอกสารส่งไปยังธนาคาร 9. ธนาคารตรวจเอกสารและโอนเงินให้กับนิสิต"
381,"คำถาม: ขั้นตอนการโอนเงินค่าครองชีพ กยศ. งวดที่ 1 และงวดถัดไป มีขั้นตอนอย่างไร คำตอบ: 1. ผู้กู้ยืมจัดทำสัญญากู้ยืมเงินและแบบยืนยันการเบิกเงินผ่านระบบ พิมพ์เอกสารลงนามและนำส่งสถานศึกษา 2. สถานศึกษาสแกนไฟล์เอกสารเข้าระบบ 3. งวดที่ 1 กองทุนโอนเงินค่าครองชีพเข้าบัญชีภายใน 7 วันนับจากสถานศึกษายืนยันแบบไฟล์เอกสาร 4. สถานศึกษาส่งเอกสารให้ธนาคาร 5. ธนาคารตรวจสอบเอกสารภายใน 30 วัน 6. งวดที่ 2 หากธนาคารตรวจเอกสารถูกต้องก่อนวันได้รับเงินงวดแรก กองทุนจะโอนงวดที่ 2 และงวดถัดไปในวันเดียวกับงวดแรก แต่หากตรวจเอกสารถูกต้องหลังจากนั้น กองทุนจะโอนเงินงวดที่ 2 ภายใน 3 วันทำการ กรณีเอกสารไม่ถูกต้อง สถานศึกษาต้องแก้ไขในระบบและส่งให้ธนาคารใหม่"
382,"คำถาม: แนวทางการให้กู้ยืม กยศ. ปีการศึกษา 2568 มีรายละเอียดและเพดานเงินกู้ยืมอย่างไรบ้าง คำตอบ: แนวทางปี 2568 มีดังนี้ 1. กองทุนจัดสรรวงเงินตามงบประมาณ 2. หลักสูตรลักษณะที่ 2 ประกอบด้วยกลุ่มอุตสาหกรรมอนาคต เช่น Semiconductors AI EV และการเกษตรสมัยใหม่ 3. ปรับเพดานเงินให้กู้ยืมระดับอนุปริญญาและปริญญาตรี กลุ่มสังคมศาสตร์ ศิลปศาสตร์ มนุษยศาสตร์ ศึกษาศาสตร์ เป็น 50000 บาทต่อรายต่อปีอัตราเดียว 4. กำหนดการให้กู้ยืมจะประชาสัมพันธ์ให้ทราบทางเว็บไซต์ต่อไป"
383,"คำถาม: นิสิตรายต่อเนื่องที่จะกู้ กยศ. ปีการศึกษา 2568 ต้องใช้ชั่วโมงจิตสาธารณะกี่ชั่วโมง และตรวจสอบได้ที่ไหน คำตอบ: นิสิตรายต่อเนื่องที่ประสงค์จะขอกู้ กยศ. ปีการศึกษา 2568 ต้องเก็บชั่วโมงกิจกรรมจิตสาธารณะให้ครบ 36 ชั่วโมง สามารถตรวจสอบได้ที่ระบบระเบียนนิสิต เลือกเมนูข้อมูลส่วนตัว เลือกชั่วโมงกิจกรรม และเลือกปีการศึกษา 2568 โดยดูจากผลรวมทั้งหมดด้านล่าง"
384,"คำถาม: การกู้ยืม กยศ. ภาคเรียนที่ 3 ปีการศึกษา 2567 มีกำหนดการอย่างไร และสาขาไหนกู้ได้บ้าง คำตอบ: ให้นิสิตเฉพาะสาขาที่เรียน 3 ภาคการศึกษาตามหลักสูตร ดำเนินการในระบบและส่งเอกสารที่ห้องงานทุนการศึกษา วันที่ 19-28 กุมภาพันธ์ 2567 สาขาที่กำหนดได้แก่ กายภาพบำบัด เทคนิคการแพทย์ โภชนาการ สถาปัตย์ วิศวกรรมเครื่องกล ประมง ปฏิบัติการฉุกเฉินการแพทย์ วิทยาลัยการศึกษา พยาบาล และแพทย์แผนจีน ตรวจสอบรายชื่อผ่อนผันวันที่ 3 มีนาคม 2567 ทางเว็บไซต์ หากไม่มีรายชื่อให้ติดต่อห้องงานทุนการศึกษา วันที่ 3-7 มีนาคม 2567"
385,"คำถาม: นิสิตชั้นปีที่ 2-6 ที่ประสงค์กู้ยืม กยศ. ต้องเตรียมตัวและเตรียมเอกสารอะไรบ้าง คำตอบ: นิสิตชั้นปีที่ 2-6 ให้ดำเนินการดังนี้ 1. ตรวจสอบชั่วโมงจิตสาธารณะ 2. เตรียมหนังสือยินยอมเปิดเผยข้อมูลของนิสิต บิดา มารดา หรือผู้ปกครอง 3. หนังสือรับรองรายได้ของบิดา มารดา หรือผู้ปกครอง โดยใช้แบบ กยศ. 102 พร้อมสำเนาบัตรข้าราชการผู้รับรอง หรือใช้สลิปเงินเดือน หรือหนังสือรับรองเงินเดือนจากต้นสังกัด 4. ติดตามประกาศทาง Facebook กยศ. มหาวิทยาลัยพะเยา อย่างต่อเนื่อง"
386,"คำถาม: ผู้รับรองรายได้ในการขอกู้ยืม กยศ. คือใคร และใครสามารถเป็นผู้รับรองรายได้ได้บ้าง คำตอบ: ผู้รับรองรายได้ คือ บุคคลที่รับรองว่าอาชีพและรายได้ของบิดามารดาหรือผู้ปกครองเป็นความจริง ไม่ใช่ผู้ค้ำประกัน และไม่มีชื่อในสัญญา กรณีที่ครอบครัวไม่มีรายได้ประจำ ให้จัดหาผู้รับรองรายได้ตามแบบ กยศ. 102 คุณสมบัติผู้รับรอง ได้แก่ เจ้าหน้าที่ของรัฐ เจ้าหน้าที่ของรัฐผู้รับบำเหน็จบำนาญ สมาชิกสภาเขต สมาชิกสภากรุงเทพมหานคร ผู้ว่าราชการกรุงเทพมหานคร หรือหัวหน้าสถานศึกษาที่ผู้ขอกู้ยืมศึกษาอยู่"
387,"คำถาม: ขั้นตอนการกู้ยืม กยศ. สำหรับผู้กู้รายเก่าเลื่อนชั้นปี ประจำปีการศึกษา 2568 ต้องทำอย่างไรบ้าง คำตอบ: สำหรับนิสิตรหัส 63-67 1. เตรียมสำเนาบัตรประชาชน หนังสือยินยอมเปิดเผยข้อมูล และหนังสือรับรองรายได้ 2. ยื่นแบบขอกู้ผ่านระบบมหาวิทยาลัย วันที่ 17-25 เมษายน 2568 3. หากวงเงินไม่พอจะมีการสัมภาษณ์ 4. ตรวจสอบรายชื่อผ่านการพิจารณาทางเว็บไซต์ 5. ทำแบบเบิกเงินกู้ยืมทางระบบ DSL วันที่ 1-10 มิถุนายน 2568 6. ส่งแบบเบิกเงินที่ห้องงานทุนการศึกษา วันที่ 1-10 มิถุนายน 2568 7. ตรวจสอบรายชื่อผ่อนผันค่าเล่าเรียน วันที่ 11-13 มิถุนายน 2568 นิสิตที่จะย้ายคณะหรือรีรหัสไม่ต้องดำเนินการตามนี้ ให้สำรองจ่ายค่าเทอมด้วยตนเอง"
388,"คำถาม: ตามประกาศขั้นตอนการกู้ยืม นิสิตสามารถกู้ยืม กยศ. ได้ทุกคนหรือไม่ ทำไมต้องมีการสัมภาษณ์ คำตอบ: ขึ้นอยู่กับการได้รับงบประมาณในการกู้ยืมจาก กยศ. หากงบประมาณเพียงพอ นิสิตสามารถกู้ได้ทุกคน แต่หากงบประมาณที่ได้รับการจัดสรรจากกองทุนไม่เพียงพอ จะต้องมีขั้นตอนการพิจารณาคัดเลือกนิสิตผู้กู้ยืมโดยการสัมภาษณ์"
389,"คำถาม: กำหนดการและขั้นตอนการยื่นกู้ กยศ. สำหรับนิสิตปี 1 ผู้กู้รายใหม่ และนิสิตย้ายคณะ ปีการศึกษา 2568 เป็นอย่างไร คำตอบ: 1. เตรียมเอกสารประกอบการกู้ยืม ได้แก่ สำเนาบัตรประชาชนผู้กู้ยืม หนังสือยินยอมเปิดเผยข้อมูล และหนังสือรับรองรายได้ 2. รับฟังขั้นตอนการกู้ยืมออนไลน์ วันที่ 15 พฤษภาคม 2568 เวลา 13.30 น. เป็นต้นไป ทาง Live Facebook กยศ. มหาวิทยาลัยพะเยา 3. ยื่นแบบกู้ยืมในระบบของมหาวิทยาลัย วันที่ 19-23 พฤษภาคม 2568 4. ติดตามการประกาศการสัมภาษณ์ผู้กู้ยืมทางเพจ Facebook"
390,"คำถาม: ผู้ปกครองของนิสิตในการขอกู้ยืม กยศ. ต้องเลือกและกรอกข้อมูลอย่างไรในระบบ คำตอบ: ถ้าอยู่กับพ่อและแม่ ให้เลือกทั้งพ่อและแม่และแนบเอกสารทั้งสองท่าน ถ้าอยู่กับพ่อหรือแม่ ให้เลือกท่านที่อยู่ด้วยแล้วแนบเอกสาร ถ้าไม่อยู่กับพ่อแม่ ให้ใช้ข้อมูลของผู้ปกครองที่ไม่ใช่บิดามารดา เช่น ลุง ป้า น้า อา พี่ หรือพ่อแม่บุญธรรม ตามความเป็นจริงที่นิสิตอาศัยอยู่ด้วย หากพ่อหรือแม่เสียชีวิต ไม่ต้องใส่ข้อมูล"
391,"คำถาม: หนังสือรับรองรายได้ กรณีพ่อ แม่ หรือผู้ปกครองที่ไม่ใช่บิดามารดา ต้องใช้เอกสารอะไร คำตอบ: กรณีมีรายได้ประจำ ให้ใช้หนังสือรับรองรายได้จากต้นสังกัด กรณีไม่มีรายได้ประจำหรือไม่มีรายได้ ให้ใช้หนังสือรับรองรายได้ พร้อมแนบบัตรข้าราชการผู้รับรองรายได้ และหนังสือรับรองรายได้สามารถเขียนของพ่อและแม่ลงในแผ่นเดียวกันได้"
392,"คำถาม: หนังสือยินยอมในการเปิดเผยข้อมูล ต้องกรอกข้อมูลอย่างไรและแนบในระบบอย่างไร คำตอบ: ช่องเขียนที่ สามารถใส่เป็นที่อยู่ตามบ้านเลขที่หรือบ้านที่อาศัยอยู่ก็ได้ ช่องข้าพเจ้าให้ใส่ชื่อของคนนั้นๆ เช่น ของพ่อใส่ชื่อพ่อ ของแม่ใส่ชื่อแม่ สำหรับการแนบในระบบ หากระบบไม่ขึ้นช่องให้แนบก็ไม่ต้องแนบ หากมีช่องให้แนบสามารถแนบได้เลย หรือจะแนบไปพร้อมกับหนังสือรับรองรายได้ก็ได้"
393,"คำถาม: ผู้กู้ยืม กยศ. แบ่งออกเป็นกี่กลุ่ม มีกลุ่มใดบ้างและยื่นกู้ช่วงไหน คำตอบ: แบ่งเป็น 4 กลุ่ม คือ 1. ผู้กู้ยืมรายเก่าเลื่อนชั้นปี ยื่นวันที่ 17-25 เมษายน 2568 2. ผู้กู้ยืมรายเก่ากู้เกินหลักสูตร ยื่นวันที่ 17-25 เมษายน 2568 3. ผู้กู้ยืมรายเก่าเปลี่ยนระดับ ย้ายสถานศึกษา เปลี่ยนหลักสูตร หรือสาขาวิชา ยื่นวันที่ 19-23 พฤษภาคม 2568 4. ผู้กู้ยืมรายใหม่ ยื่นวันที่ 19-23 พฤษภาคม 2568"
394,"คำถาม: นิสิตที่ต้องการแก้ไขเอกสาร กยศ. ต้องดำเนินการอย่างไรบ้าง คำตอบ: 1. ยกเลิกคำขอในระบบ UP-Quality วันที่ 28-30 เมษายน 2568 2. ลงชื่อใน Google Form ซึ่งระบบจะเปิดให้เฉพาะนิสิตที่เอกสารผิด วันที่ 28-30 เมษายน 2568 3. ยื่นคำร้องใน UP-Quality วันที่ 5-7 พฤษภาคม 2568 หมายเหตุ เอกสารที่ยื่นนิสิตจะต้องตรวจทานให้ถูกต้องที่สุด จะไม่สามารถแก้ไขรอบที่ 2 ได้"
395,"คำถาม: นิสิตย้ายคณะ สาขา หรือรีรหัส ที่ประสงค์ขอกู้ยืม กยศ. ในปี 2568 ต้องทำอย่างไร คำตอบ: นิสิตที่ย้ายคณะ สาขา หรือรีรหัส แต่ในระบบ DSL ยังเป็นข้อมูลเดิม ให้ดำเนินการดังนี้ 1. กรอกข้อมูลตาม QR code ระหว่างวันที่ 5-9 พฤษภาคม 2568 2. ฟังการบรรยายการกู้ยืมทาง Facebook Live กยศ. มหาวิทยาลัยพะเยา วันที่ 15 พฤษภาคม 2568 เวลา 13.30 น. 3. ติดตามเพจเพื่อรับทราบกำหนดการยื่นกู้"
396,"คำถาม: หากนิสิตยื่นกู้ยืม กยศ. ไม่ทันตามระยะเวลาที่กำหนด ต้องทำอย่างไร คำตอบ: มหาวิทยาลัยมีการขยายระยะเวลา โดยมีขั้นตอนคือ 1. ลงชื่อประสงค์ขอยื่นกู้ วันที่ 4 พฤษภาคม 2568 เวลา 08.00-17.00 น. 2. ยื่นกู้ผ่านระบบ UP-Quality วันที่ 5-7 พฤษภาคม 2568 หมายเหตุ หากเอกสารผิดจะไม่สามารถแก้ไขได้ และจะพิจารณาให้กู้ยืมโดยเรียงลำดับจากเอกสารถูกต้อง เอกสารแก้ไข และส่งเอกสารล่าช้า หากชั่วโมงจิตอาสาไม่ครบจะไม่สามารถกู้ยืมได้"
397,"คำถาม: กยศ. มีทั้งหมดกี่แบบ และมีเงื่อนไขรายได้การกู้ยืมอย่างไรบ้าง คำตอบ: กยศ. มี 5 ลักษณะ โดยลักษณะที่ 1 รายได้ผู้ปกครองรวมต้องไม่เกิน 360000 บาทต่อปี กู้ได้ทั้งค่าเทอมและค่าครองชีพ ถ้ารายได้เกินจะไม่สามารถกู้ได้ ลักษณะที่ 2 และ 3 หากรายได้ไม่เกิน 360000 บาทต่อปี กู้ได้ทั้งค่าเทอมและค่าครองชีพ หากรายได้เกินจะกู้ได้เฉพาะค่าเทอม ส่วนลักษณะที่ 4 และ 5 ยังไม่เปิดให้กู้ยืม"
398,"คำถาม: กรณีไม่มีรายได้ประจำ ใครสามารถเป็นผู้รับรองรายได้ กยศ. ได้บ้าง และต้องใช้หลักฐานอะไร คำตอบ: ให้ใช้แบบฟอร์ม กยศ. 102 พร้อมแนบสำเนาบัตรประจำตัวเจ้าหน้าที่ของรัฐ ข้าราชการ หรือเอกสารอื่นใดรับรองว่าเป็นข้าราชการจากหน่วยงานต้นสังกัด และเจ้าของบัตรต้องลงลายมือชื่อรับรองสำเนาถูกต้องด้วยตนเองเท่านั้น"
399,"คำถาม: ถ้าอยู่กับพ่อหรือแม่เพียงท่านเดียว หรือไม่ทราบข้อมูล ต้องกรอกข้อมูล กยศ. แบบไหน คำตอบ: นิสิตสามารถเลือกตามความเป็นจริงได้เลย หากไม่ทราบข้อมูลของอีกฝ่าย สามารถเลือกสถานะ ไม่ทราบข้อมูล ในระบบได้"
400,"คำถาม: ค่าเทอมเทอมแรกที่สำรองจ่ายไปก่อน สามารถยื่นกู้ กยศ. เพื่อขอคืนได้หรือไม่ คำตอบ: สามารถยื่นกู้ได้ นิสิตจะได้รับเงินคืนเข้าบัญชีหลังจากการทำสัญญาเสร็จสิ้น"
401,"คำถาม: ลักษณะของการให้กู้ยืมของแต่ละสาขาวิชา สามารถเปลี่ยนแปลงได้หรือไม่ คำตอบ: ไม่ได้ เนื่องจากกองทุนเงินให้กู้ยืมเพื่อการศึกษาเป็นผู้กำหนดลักษณะการให้กู้ยืมของแต่ละสาขาวิชา นิสิตหรือมหาวิทยาลัยจึงไม่สามารถเปลี่ยนแปลงได้"
402,"คำถาม: ข้อควรรู้ก่อนส่งเอกสารแบบเบิกเงิน กยศ. มีอะไรบ้าง คำตอบ: ข้อควรรู้ก่อนส่งเอกสารแบบเบิกเงินมีดังนี้ 1. ลงนามด้วยปากกาสีน้ำเงิน ห้ามใช้ปากกาลบได้ ห้ามมีรอยลบ ขีด ขูดฆ่า 2. กรอกวันออกและวันหมดอายุของบัตรประชาชน 3. ตรวจสอบจำนวนค่าเล่าเรียนและค่าครองชีพ 4. ลงนามในช่องผู้กู้ยืมเงิน 5. ในช่องผู้แทนโดยชอบธรรมหรือผู้ปกครอง หากในเอกสารปรากฏชื่อให้ลงนามให้เรียบร้อย หากไม่มีชื่อไม่ต้องลงนาม 6. ลงนามพยานให้เรียบร้อย พยานสองคนต้องไม่ใช่คนเดียวกัน 7. แนบสำเนาบัตรประชาชนของผู้กู้ยืมและผู้แทนโดยชอบธรรมหากมีชื่อในใบเบิก 8. ให้นิสิตส่งที่อยู่มาตามที่ระบุไว้"
403,"คำถาม: ขั้นตอนและระยะเวลาการโอนเงิน กยศ. ค่าเทอมและค่าครองชีพ เป็นอย่างไร คำตอบ: การโอนเงินมีขั้นตอนดังนี้ 1. เงินค่าครองชีพ 3000 บาทแรก จะเข้าหลังจากสถานศึกษายืนยันเอกสารเข้าระบบไม่เกิน 2 สัปดาห์ 2. ธนาคารตรวจสอบเอกสารใช้เวลา 1-2 เดือน 3. ถ้าเอกสารถูกต้องเงินค่าครองชีพงวดต่อไปจะโอนให้วันเดียวกับที่ได้รับในเดือนแรก ถ้าเอกสารต้องแก้ไขต้องส่งเอกสารใหม่และเริ่มกระบวนการตรวจสอบใหม่ 4. หลังจากเอกสารถูกต้อง เงินค่าเทอมจะถูกโอนมายังมหาวิทยาลัยทุกวันที่ 5 15 และ 25 ของเดือน ซึ่งมหาวิทยาลัยจะตรวจสอบใช้เวลาประมาณ 3-4 สัปดาห์ 5. มหาวิทยาลัยโอนเงินค่าเทอมคืนให้กับนิสิตทางบัญชีธนาคารของนิสิต"
404,"คำถาม: รายชื่อสาขาวิชาของมหาวิทยาลัยพะเยาที่กองทุนอนุมัติให้สามารถกู้ยืม กยศ. ในปีการศึกษา 2568 มีสาขาอะไรบ้าง คำตอบ: มหาวิทยาลัยพะเยามีจำนวน 62 หลักสูตรที่สามารถกู้ยืมได้ในปีการศึกษา 2568 ได้แก่ เทคโนโลยีและนวัตกรรมการเกษตร ความปลอดภัยทางอาหาร ประมง วิทยาศาสตร์และเทคโนโลยีการอาหาร สัตวศาสตร์ ธุรกิจดิจิทัล เทคโนโลยีสารสนเทศ ภูมิสารสนเทศศาสตร์ วิทยาการคอมพิวเตอร์ วิทยาการข้อมูลและการประยุกต์ วิศวกรรมคอมพิวเตอร์ วิศวกรรมซอฟต์แวร์ คอมพิวเตอร์กราฟิกและมัลติมีเดีย คณิตศาสตร์ เคมี ชีววิทยา ฟิสิกส์ สถิติประยุกต์และการจัดการข้อมูล วิศวกรรมไฟฟ้า วิศวกรรมโยธา วิศวกรรมอุตสาหการ วิศวกรรมเครื่องกล การจัดการพลังงานและสิ่งแวดล้อม วิศวกรรมสิ่งแวดล้อม ทันตแพทยศาสตร์ พยาบาลศาสตร์ ปฏิบัติการฉุกเฉินการแพทย์ แพทยศาสตร์ การส่งเสริมสุขภาพ การแพทย์แผนไทยประยุกต์ อนามัยสิ่งแวดล้อม อาชีวอนามัยและความปลอดภัย อนามัยชุมชน หลักสูตรการแพทย์แผนจีนบัณฑิต การบริบาลทางเภสัชกรรม วิทยาศาสตร์เครื่องสำอาง จุลชีววิทยา ชีวเคมี โภชนาการและการกำหนดอาหาร หลักสูตรกายภาพบำบัดบัณฑิต เทคนิคการแพทย์ การจัดการนวัตกรรมสาธารณะ หลักสูตรรัฐศาสตรบัณฑิต พัฒนาสังคม การจัดการการสื่อสาร การสื่อสารสื่อใหม่ การเงินและการลงทุน การจัดการธุรกิจ การตลาดดิจิทัล การท่องเที่ยวและการโรงแรม บัญชี เศรษฐศาสตร์ ภาษาญี่ปุ่น ภาษาไทย สถาปัตยกรรมภายใน การศึกษา ภาษาฝรั่งเศส ภาษาอังกฤษ ภาษาจีน ดนตรีและนาฏศิลป์ ศิลปะและการออกแบบ และสถาปัตยกรรม"
405,"คำถาม: นโยบายการให้กู้ยืม กยศ. สำหรับผู้กู้ยืมรายใหม่ ประจำปีการศึกษา 2568 ครั้งที่ 1 มีรายละเอียดอย่างไร และได้โควต้ากี่คน คำตอบ: การให้กู้ยืมสำหรับผู้กู้รายใหม่ ครั้งที่ 1 กองทุนมุ่งเน้นหลักสูตรที่พัฒนาทุนมนุษย์ด้านการศึกษา จำนวน 34 สาขาวิชา โดยมหาวิทยาลัยพะเยาได้รับยอดจัดสรรจำนวน 187 ราย และต้องส่งข้อมูลให้กองทุนภายในวันที่ 18 กรกฎาคม 2568 สำหรับสาขาอื่นๆ ต้องรอติดตามประกาศจากกองทุนในครั้งต่อไป โดยมหาวิทยาลัยจะนำส่งรายชื่อผู้กู้ใน 34 หลักสูตรแรกก่อน"
406,"คำถาม: กำหนดการสัมภาษณ์ผู้กู้ยืม กยศ. รายใหม่ ปีการศึกษา 2568 จัดขึ้นเมื่อไหร่และที่ไหน คำตอบ: มหาวิทยาลัยจะดำเนินการสัมภาษณ์เพื่อคัดเลือกผู้กู้ยืมรายใหม่ทั้งหมด ในวันที่ 15-17 กรกฎาคม 2568 เวลา 09.30 - 16.00 น. ณ หอประชุมพญางำเมือง"
407,"คำถาม: นิสิตที่มีสิทธิ์สัมภาษณ์ กยศ. รายใหม่ ปี 2568 ต้องเตรียมตัวและเตรียมเอกสารอะไรบ้าง คำตอบ: ให้นิสิตดำเนินการดังนี้ 1. ตรวจสอบรายชื่อผู้มีสิทธิ์และเข้ารับการสัมภาษณ์ตามที่มหาวิทยาลัยกำหนด 2. ดาวน์โหลดเอกสาร กยศ. 101 3. เตรียมเอกสาร กยศ. 102 หรือหนังสือรับรองรายได้ หรือหนังสือรับรองเงินเดือน หรือสลิปเงินเดือน 4. แต่งกายด้วยชุดนิสิต 5. หากนิสิตไม่เข้ารับการสัมภาษณ์จะถือว่าสละสิทธิ์"
408,"คำถาม: ขั้นตอนการขอรหัสผ่านเข้าระบบ DSL เพื่อเตรียมการกู้ยืมด้วยแอปพลิเคชัน กยศ. Connect มีอะไรบ้าง คำตอบ: ขั้นตอนมีดังนี้ 1. เข้าสู่แอป กยศ. Connect เลือก ลงทะเบียนขอสิทธิ์เข้าใช้งาน 2. เลือกช่องทางลงทะเบียนผ่านแอป เป๋าตัง หรือ บัตรประจำตัวประชาชน 3. กรณีเลือกบัตรประชาชน ให้กรอกข้อมูลส่วนตัว กด ยินยอมตามข้อกำหนด และ ถัดไป 4. เลือกยืนยันผ่าน อีเมล หรือ โทรศัพท์มือถือ แล้วกด ถัดไป 5. กรณียืนยันผ่านมือถือ ให้ใช้รหัส OTP ที่ได้รับแล้วกด ยืนยัน 6. ตั้งรหัสผ่านและกด ยืนยัน 7. ระบบแจ้งลงทะเบียนขอสิทธิ์สำเร็จ 8. ลงชื่อเข้าใช้งานครั้งแรก กรอกเลขบัตรประชาชนและรหัสผ่าน แล้วกด เข้าสู่ระบบ 9. กรณีใช้โทรศัพท์มือถือ ให้เลือกยืนยันตัวตนด้วยรหัส OTP แล้วกด รับรหัส OTP 10. ตั้งรหัส PIN 11. ระบบจะเข้าสู่หน้าหลักของแอปพลิเคชัน"
409,"คำถาม: การจัดทำสัญญากู้ยืมเงิน กยศ. ในส่วนของบัญชีรับโอนเงินและวิธีการชำระเงิน ต้องระบุข้อมูลอย่างไร คำตอบ: ในการจัดทำสัญญา ข้อมูลบัญชีรับโอนเงินค่าครองชีพต้องใช้บัญชีของธนาคารกรุงไทยเท่านั้น สำหรับวิธีการผ่อนชำระเงินคืนกองทุน สามารถเลือกรูปแบบการชำระได้ตามต้องการ เช่น รายเดือน รายไตรมาส รายปี หรือรายปีแบบขั้นบันได (Step Up)"
410,"คำถาม: กยศ. กู้อะไรได้บ้าง และสามารถเลือกกู้ยืมเพียงอย่างใดอย่างหนึ่งได้หรือไม่ คำตอบ: กยศ. สามารถกู้ค่าธรรมเนียมการศึกษาและค่าครองชีพได้ โดยค่าธรรมเนียมการศึกษาจะเป็นไปตามประกาศของมหาวิทยาลัย ถ้านิสิตคู่ขนานและควบโทจะกู้ได้เฉพาะสาขาวิชาหลัก ส่วนค่าครองชีพจะได้เดือนละ 3000 บาทเป็นเวลา 12 เดือน สาขาที่เรียน 2 เทอมจะเข้าเทอมละ 6 เดือน สาขาที่เรียน 3 เทอมจะเข้าเทอมละ 4 เดือน นิสิตสามารถเลือกกู้ยืมเพียงอย่างใดอย่างหนึ่งได้ตามความต้องการ"
411,"คำถาม: สาขาที่อยู่ระหว่างกองทุนพิจารณาจะกู้ กยศ. ได้หรือไม่ คำตอบ: สาขาที่อยู่ระหว่างกองทุนพิจารณา ต้องรอผลการพิจารณาก่อน หากทราบผลมหาวิทยาลัยจะแจ้งให้นิสิตทราบโดยเร็ว"
412,"คำถาม: การผ่อนผันค่าเทอม กยศ. สำหรับนิสิตปี 2-6 รายต่อเนื่อง ภาคเรียนที่ 1 ปีการศึกษา 2568 มีเงื่อนไขอย่างไร คำตอบ: กรณีที่ 1 กองทุนจัดสรรวงเงินมายังมหาวิทยาลัยก่อนวันชำระเงินค่าเทอม นิสิตต้องส่งแบบเบิกเงิน แล้วหน่วย กยศ. จะทำการผ่อนผันค่าเทอมให้ กรณีที่ 2 กองทุนยังไม่จัดสรรวงเงินให้สถานศึกษา หน่วย กยศ. จะทำการผ่อนผันค่าเทอมให้จนกว่าจะได้รับการจัดสรรวงเงินเฉพาะนิสิตที่ยื่นเอกสารการขอกู้ยืมเรียบร้อยแล้ว หากนิสิตไม่ได้รับการกู้ยืมต้องชำระค่าเทอมก่อนสอบกลางภาค และนิสิตรีรหัส ย้ายคณะสาขา กู้เกินหลักสูตรที่ไม่ใช่คู่ขนาน ต้องชำระเงินค่าเทอมด้วยตนเองตามปฏิทินการศึกษา"
413,"คำถาม: นิสิต TCAS 3 และ TCAS 4 ที่ประสงค์ขอกู้ กยศ. กับมหาวิทยาลัยพะเยา ต้องทำอย่างไร คำตอบ: 1. ดูบันทึกวีดีโอ live สด ทาง FB กยศ. มหาวิทยาลัยพะเยา 2. เตรียมเอกสารประกอบการกู้ยืม ได้แก่ สำเนาบัตรประชาชนผู้กู้ยืม หนังสือยินยอมเปิดเผยข้อมูล และหนังสือรับรองรายได้ 3. ยื่นความประสงค์ขอกู้ยืมทาง form ของมหาวิทยาลัยภายในวันที่ 18 มิถุนายน 2568 โดยนิสิตต้องยืนยันการเป็นนิสิตก่อนถึงจะทำแบบฟอร์มนี้ได้ 4. ติดตามประกาศเกี่ยวกับ กยศ. อย่างต่อเนื่อง"
414,"คำถาม: การกู้ กยศ. ของนิสิตชั้นปีที่ 2-6 รายต่อเนื่อง ต้องดำเนินการผ่อนผันและส่งแบบเบิกเงินอย่างไร คำตอบ: 1. ตรวจสอบรายชื่อผู้มีสิทธิ์ผ่อนผันค่าเล่าเรียนทางเว็บไซต์ วันที่ 4-10 มิถุนายน 2568 2. ทำแบบเบิกเงินกู้ยืมทางระบบ DSL วันที่ 4-16 มิถุนายน 2568 3. จัดส่งแบบเบิกเงิน 1 ฉบับ สำเนาบัตรประชาชนผู้กู้ยืม 1 ฉบับ และกรณีอายุไม่ถึง 20 ปีบริบูรณ์ต้องมีสำเนาบัตรประชาชนผู้แทนโดยชอบธรรม 1 ฉบับ ณ ห้องงานทุนการศึกษา วันที่ 4-16 มิถุนายน 2568 หากนิสิตไม่สามารถส่งแบบเบิกเงินได้ตามระยะเวลา จะถูกยกเลิกการผ่อนผันและต้องลงทะเบียนเรียนใหม่พร้อมชำระเงินด้วยตนเอง"
415,"คำถาม: วิธีการตรวจสอบการผ่อนผันค่าธรรมเนียมการศึกษา กรณีเป็นผู้กู้ยืม กยศ. ทำอย่างไร คำตอบ: ให้นิสิตเข้าสู่ระบบ Reg เลือกระบบทะเบียนออนไลน์ จากนั้นเลือกรายการด้านการเงิน และเลือกข้อมูลเงินกู้ยืม เพื่อตรวจสอบว่ามีเครื่องหมายถูกสีเขียวตามภาคเรียนที่ลงทะเบียนเรียนหรือไม่"
416,"คำถาม: การกรอกแบบคำขอกู้ยืมเงิน กยศ. 101 ต้องระบุข้อมูลอะไรบ้างและมีจุดไหนที่ต้องระวัง คำตอบ: 1. ติดรูปถ่ายของผู้ยื่นแบบคำขอกู้ 2. เลือกกรณีผู้รายใหม่ในช่องไม่เคยกู้ยืมเงิน 3. ระบุรายได้บิดามารดา หากไม่แน่นอนให้ประมาณการ 4. กรณีที่ไม่ได้อยู่กับบิดามารดา ให้กรอกข้อมูลผู้ปกครองที่ไม่ใช่บิดามารดา แต่ถ้าอยู่กับบิดามารดาไม่ต้องกรอกส่วนนี้ 5. เลือกความประสงค์กู้ยืมให้ชัดเจนว่ากู้ค่าเล่าเรียนและหรือค่าครองชีพ 6. ขีดฆ่าตัวเลือกที่ไม่เกี่ยวข้องออก เช่น สำเนาทะเบียนบ้าน 7. วาดแผนที่บ้านของตนเองจากจุดสำคัญของจังหวัดนั้นๆ และ 8. ลงชื่อนิสิตผู้กู้ยืม"
417,"คำถาม: ความคืบหน้าการกู้ยืม กยศ. ประจำปี 2568 อัปเดตล่าสุดมีสถานะเป็นอย่างไรบ้าง คำตอบ: รายเก่าเลื่อนชั้นปี มหาวิทยาลัยดำเนินการเรียบร้อย รอการโอนเงินจากธนาคาร รายเก่าเปลี่ยนระดับ ย้ายสถานศึกษา เปลี่ยนหลักสูตร และรายเก่ากู้เกินหลักสูตร ให้รอติดตามประกาศจากกองทุน ส่วนรายใหม่ ดำเนินการสัมภาษณ์ 15-17 กรกฎาคม 2568 โดยการพิจารณารอบที่ 1 จะเป็นกลุ่ม 34 สาขาวิชาตามแจ้ง สำหรับสาขาอื่นๆ รอประกาศจากกองทุน"
418,"คำถาม: ขั้นตอนการสัมภาษณ์ กยศ. มหาวิทยาลัยพะเยา ต้องทำอย่างไรบ้าง คำตอบ: 1. ตรวจสอบรายชื่อผู้มีสิทธิ์สัมภาษณ์ 2. เตรียมเอกสารและแต่งกายให้เรียบร้อย 3. ดูลำดับที่ของตนเองเพื่อนำมาลงทะเบียน 4. ลงทะเบียนตามวันที่ของคณะตนเอง 5. รับบัตรคิวและรอเข้าสัมภาษณ์ 6. เข้ารับการสัมภาษณ์ 7. รอประกาศผลการคัดเลือก หากนิสิตไม่อยู่ในบริเวณสัมภาษณ์และเลยลำดับคิวของตนเอง ต้องรับบัตรคิวใหม่"
419,"คำถาม: การทำแบบเบิกเงิน กยศ. ต้องกรอกจำนวนเงินค่าเล่าเรียนและค่าครองชีพอย่างไร คำตอบ: ในช่องค่าเล่าเรียนและค่าใช้จ่ายที่ผู้กู้สามารถเบิกได้ในภาคเรียนนี้ ให้กรอกตัวเลขตามจำนวนที่สถานศึกษากำหนด ส่วนค่าครองชีพจะระบุจำนวนเงินเดือนละ 3000 บาท"
420,"คำถาม: การลงนามในสัญญากู้ยืมและแบบเบิกเงิน กยศ. มีข้อควรระวังอย่างไร ใครต้องลงนามบ้าง คำตอบ: ต้องลงนามให้ครบทุกจุดและทุกฉบับด้วยลายมือชื่อที่เหมือนกัน ห้ามลงนามแทนกัน โดยผู้ที่ต้องลงนามประกอบด้วย 1. ผู้กู้ยืม 2. ผู้แทนโดยชอบธรรมหรือผู้ปกครองเฉพาะกรณีที่ผู้กู้ยืมอายุไม่เกิน 20 ปีบริบูรณ์ หากมีชื่อปรากฏต้องลงนาม หากไม่มีชื่อไม่ต้องลงนาม และ 3. พยาน 2 ท่านซึ่งต้องไม่ใช่คนเดียวกัน นอกจากนี้ห้ามใช้น้ำยาลบคำผิด หากมีรอยลบ ขีดฆ่า เอกสารขาดชำรุด หรือหมดอายุจะไม่สามารถใช้ได้"
421,"คำถาม: สำเนาบัตรประชาชนที่ใช้แนบในการกู้ยืม กยศ. ต้องเตรียมอย่างไร คำตอบ: บัตรประชาชนต้องไม่หมดอายุ ให้ถ่ายเอกสารสำเนาเฉพาะด้านหน้าบัตรลงบนกระดาษ A4 สีขาว ข้อมูลต้องชัดเจน เจ้าของเอกสารต้องลงชื่อรับรองสำเนาถูกต้องด้วยตนเองโดยใช้ปากกาลูกลื่นสีน้ำเงิน ห้ามใช้น้ำยาลบคำผิดหรือขีดฆ่า และรูปแบบลายเซ็นต้องเหมือนกันในเอกสารแบบเบิกเงินและสัญญาทุกฉบับ"
422,"คำถาม: ในสัญญากู้ยืมเงินกองทุน กยศ. ตรงช่องวันที่ทำสัญญาต้องเขียนหรือไม่ คำตอบ: ในส่วนของวันที่ทำสัญญา เดือน และ พ.ศ. ที่อยู่มุมซ้ายบนของสัญญากู้ยืมเงิน ไม่ต้องเขียนข้อมูลใดๆ ลงไป"
423,"คำถาม: เอกสารการลงนามสัญญาและแบบเบิกเงิน กยศ. ต้องตรวจสอบจุดใดเป็นพิเศษบ้าง คำตอบ: ต้องตรวจสอบให้แน่ใจว่าบาร์โค้ด (Barcode) มีครบทุกช่อง ต้องเขียนวันออกบัตรและวันหมดอายุของบัตรประชาชนให้ชัดเจน และต้องตรวจสอบจำนวนเงินค่าเทอมและค่าครองชีพรายเดือนให้ถูกต้อง"
424,"คำถาม: เอกสารที่ต้องนำส่งสำหรับ กยศ. มีอะไรบ้าง คำตอบ: เอกสารที่ต้องนำส่งประกอบด้วย 1. สัญญา 2. แบบเบิกเงินกู้ยืม 3. สำเนาบัตรประชาชนนิสิต และ 4. สำเนาบัตรประชาชนผู้ปกครอง ในกรณีที่นิสิตอายุไม่ถึง 20 ปี"
425,"คำถาม: ทำไมนิสิตกู้ยืม กยศ. บางรายถึงไม่ต้องเข้ารับการสัมภาษณ์ คำตอบ: นิสิตที่ไม่ต้องสัมภาษณ์ คือ นิสิตหลักสูตรคู่ขนานปีสุดท้าย ที่ได้ทำสัญญากับมหาวิทยาลัยพะเยาเรียบร้อยแล้ว"
426,"คำถาม: คนที่เคยสัมภาษณ์ กยศ. ไปแล้วแต่ยังไม่ได้รับการกู้ยืม ต้องสัมภาษณ์ใหม่หรือไม่ และจะดาวน์โหลดเอกสารได้จากไหน คำตอบ: ผู้ที่เคยสัมภาษณ์แล้วไม่ต้องสัมภาษณ์ใหม่ หากมีการพิจารณา มหาวิทยาลัยจะใช้คะแนนในการสัมภาษณ์ครั้งก่อนมาพิจารณา สำหรับเอกสาร กยศ. 101 และหนังสือรับรองรายได้ สามารถดาวน์โหลดผ่านลิงก์ที่มหาวิทยาลัยกำหนดไว้ในประกาศ"
427,"คำถาม: หากไม่มีรายชื่อผู้มีสิทธิ์กู้ยืม กยศ. ต้องทำอย่างไร คำตอบ: ถ้าเป็นผู้กู้ยืมรายใหม่ที่เคยสัมภาษณ์แล้วจะไม่มีรายชื่อ หากมีการพิจารณาจะใช้คะแนนในการสัมภาษณ์ครั้งก่อนมาเป็นคะแนนให้ หรือให้นิสิตติดต่อห้องงานทุนการศึกษา"
428,"คำถาม: กรณีไม่มีรูปถ่ายบ้านสำหรับแนบเอกสาร กยศ. ต้องทำอย่างไร คำตอบ: ให้ทำแผนผังแสดงที่ตั้งของที่อยู่อาศัย โดยแนบเฉพาะแผนที่ ไม่ต้องแนบรูปถ่ายที่อยู่อาศัย"
429,"คำถาม: ผู้กู้ยืม กยศ. ที่เคยกู้จากโรงเรียนเดิมจะสามารถกู้ยืมต่อที่มหาวิทยาลัยได้ทุกคนหรือไม่ คำตอบ: ขึ้นอยู่กับการจัดสรรวงเงินการให้กู้ยืมจากกองทุนว่ามีจำนวนเท่าไหร่และเพียงพอหรือไม่ ทั้งนี้นิสิตต้องดำเนินการตามขั้นตอนที่มหาวิทยาลัยกำหนด"
430,"คำถาม: ผู้กู้ยืมรายเก่าจากโรงเรียนเดิม (รายใหม่ของมหาวิทยาลัย) ต้องเข้ารับการสัมภาษณ์ด้วยหรือไม่ คำตอบ: ต้องสัมภาษณ์ เนื่องจากการจัดสรรวงเงินให้กู้ยืมอาจจะมีไม่เพียงพอกับจำนวนผู้ประสงค์ขอกู้ยืม"
431,"คำถาม: สาขาวิชาใดบ้างที่ไม่สามารถกู้ยืม กยศ. ได้ในปีการศึกษา 2568 คำตอบ: ตามประกาศคณะกรรมการกองทุนฯ มี 3 สาขาวิชาที่ไม่สามารถกู้ได้ในปีการศึกษา 2568 คือ นิติศาสตร์ วิทยาศาสตร์การกีฬา และเทคโนโลยีการเกษตร เนื่องจากกองทุนได้ประกาศสาขาวิชาก่อนที่หลักสูตรจะได้รับการอนุมัติ ทั้งนี้นิสิตสามารถยื่นกู้ยืมได้ในปีถัดไป"
432,"คำถาม: ก่อนการกดยืนยันการกู้ยืม กยศ. ในระบบ นิสิตควรตรวจสอบการแนบเอกสารในเรื่องใดบ้าง คำตอบ: นิสิตควรตรวจสอบดังนี้ 1. เอกสารต้องมีความชัดเจน ไม่เลือนลาง ถ่ายภาพหรือสแกนเฉพาะตัวเอกสารโดยไม่มีพื้นหลังติดมา 2. รายได้ที่ระบุในระบบต้องตรงกับหนังสือรับรองรายได้ 3. หนังสือยินยอมเปิดเผยข้อมูลต้องระบุข้อความตรงเขียนที่ให้เรียบร้อย"
433,"คำถาม: การแนบไฟล์หนังสือให้ความยินยอมเปิดเผยข้อมูลและเอกสารรับรองรายได้ในระบบ กยศ. ต้องแนบเอกสารใดบ้าง คำตอบ: ในช่องหนังสือให้ความยินยอมเปิดเผยข้อมูล ให้แนบทั้งหนังสือยินยอมเปิดเผยข้อมูลและสำเนาบัตรประชาชนของผู้กู้ยืม ส่วนช่องหนังสือรับรองรายได้ หากใช้แบบ กยศ. 102 ต้องแนบสำเนาบัตรข้าราชการของผู้รับรองรายได้มาด้วย โดยต้องถ่ายให้เห็นวันหมดอายุของบัตรข้าราชการให้ชัดเจน"
434,"คำถาม: การยื่นแบบเบิกเงิน กยศ. ภาคเรียนที่ 2 ปีการศึกษา 2568 ต้องเตรียมเอกสารและมีกำหนดการอย่างไร คำตอบ: ให้กรอกจำนวนเงินตามค่าธรรมเนียมการศึกษาของนิสิต (นิสิตคู่ขนานกู้ได้เพียงสาขาวิชาเดียว) โดยเอกสารที่ต้องส่งประกอบด้วย 1. แบบเบิกเงิน 2. สำเนาบัตรประชาชนนิสิต 3. สำเนาบัตรประชาชนผู้ปกครอง (กรณีอายุไม่ถึง 20 ปีบริบูรณ์) กำหนดส่งแบบเบิกเงินที่ห้องงานทุนการศึกษา วันที่ 1-10 ตุลาคม 2568 และสามารถตรวจสอบรายชื่อผู้มีสิทธิผ่อนผันได้ในวันที่ 14-18 ตุลาคม 2568"
435,"คำถาม: หากสถานะการกู้ยืมในระบบ DSL ขึ้นว่า อยู่ระหว่างกองทุนพิจารณาอนุมัติ นิสิตต้องทำอย่างไรและส่งเอกสารได้ถึงวันไหน คำตอบ: ให้นิสิตรอผลการพิจารณาจากกองทุน เนื่องจากกองทุนเป็นผู้พิจารณาให้กับผู้กู้ทั้งประเทศซึ่งอาจใช้ระยะเวลา และมหาวิทยาลัยไม่สามารถยืนยันวันที่หรือผลการอนุมัติได้ ทั้งนี้มหาวิทยาลัยได้ขยายเวลารับเอกสารสัญญาและแบบยืนยันสำหรับภาคเรียนที่ 1 ไม่เกินวันที่ 29 กันยายน 2568"
436,"คำถาม: การกู้ยืม กยศ. กรณีเกินหลักสูตร ประจำปีการศึกษา 2568 ต้องดำเนินการและแนบเอกสารอะไรบ้าง คำตอบ: ให้นิสิตยื่นกู้ยืมในระบบ DSL (กยศ. Connect) โดยแนบเอกสาร 1. เอกสาร UP 23 จากระบบ Reg 2. หนังสือรับรองรายวิชาที่เหลือ ให้อาจารย์ที่ปรึกษาลงนาม 3. ระบุสาเหตุที่ไม่สำเร็จการศึกษาตามข้อเท็จจริง จากนั้นรอกองทุนพิจารณาอนุมัติ หากอนุมัติจะมีข้อความแจ้งทางแอป ให้นิสิตจัดทำแบบเบิกเงินมาส่งที่ห้องงานทุนการศึกษา โดยให้ดำเนินการให้ด่วนที่สุดเพราะกองทุนพิจารณาเป็นรอบๆ"
437,"คำถาม: การส่งแบบเบิกเงิน กยศ. ภาคเรียนที่ 2 แบ่งกลุ่มผู้กู้ยืมและมีกำหนดการส่งเอกสารอย่างไรบ้าง คำตอบ: กยศ. แบ่งผู้กู้ออกเป็น 4 กลุ่ม คือ 1. รายเก่าปี 2-6 หรือรายใหม่ที่อนุมัติก่อนวันที่ 1 ต.ค. 2568 ให้ส่งแบบเบิกเงินวันที่ 1-10 ต.ค. 2568 (รอบเก็บตก 14 ต.ค. 2568) หากส่งช้ากว่ากำหนดจะไม่มีสิทธิ์ผ่อนผันค่าเล่าเรียน 2. รายใหม่ที่อนุมัติวันที่ 12 ต.ค. 2568 ให้ดำเนินการตามประกาศการอนุมัติเพิ่มเติมทางเพจ กยศ. 3. ผู้ที่อยู่ระหว่างกองทุนพิจารณาอนุมัติ ให้รอติดตามประกาศ 4. ผู้กู้เกินหลักสูตร ให้รอติดตามประกาศ"
438,"คำถาม: กระบวนการโอนเงิน กยศ. มีขั้นตอนอย่างไร และเงินค่าเทอมกับค่าครองชีพจะได้เมื่อไหร่ คำตอบ: 1. สแกนและจัดเตรียมเอกสารเข้าสู่ระบบ 2. นำเอกสารส่งให้ธนาคารตรวจสอบ 3. กองทุนโอนเงินค่าครองชีพงวดแรกเข้าบัญชีภายใน 7 วัน หลังจากมหาวิทยาลัยยืนยันแบบเบิกเงินในระบบ 4. ธนาคารตรวจสอบเอกสารใช้เวลา 1-2 เดือน หากถูกต้องจะโอนเงินงวดต่อไป หากต้องแก้ไขต้องส่งเอกสารใหม่ 5. มหาวิทยาลัยโอนเงินค่าเทอมคืนให้นิสิต โดยเงินจะโอนมาที่มหาวิทยาลัยทุกวันที่ 5 15 และ 25 ของเดือน กรณีนิสิตสำรองจ่ายจะได้รับเงินคืนประมาณ 1 เดือน หากได้ผ่อนผันจะถูกตัดยอดกับมหาวิทยาลัย"
439,"คำถาม: กรณีที่มีปัญหารายวิชาที่ลงทะเบียนเรียนถูกถอนออกทั้งหมด (รายวิชาหาย) ต้องแก้ไขอย่างไร คำตอบ: แบ่งเป็น 2 กรณี 1. นิสิตที่ได้รับการอนุมัติให้ทำสัญญาในวันที่ 28-29 ตุลาคม 2568 แต่ไม่ได้ยื่นผ่อนผันค่าเทอมด้วย UP 18 ต้องลงทะเบียนเรียนใหม่ในวันที่ 4-14 พฤศจิกายน 2568 (มีค่าปรับวันละ 25 บาท) ขอผ่อนผันค่าเทอมด้วย UP 18 และส่งเอกสารสัญญาไม่เกินวันที่ 7 พฤศจิกายน 2568 จากนั้นหน่วย กยศ. จะยกเลิก UP 18 และผ่อนผันด้วย กยศ. ให้ 2. นิสิตที่ไม่ได้ตรวจสอบรายชื่อผู้มีสิทธิ์ผ่อนผันค่าเทอมตามกำหนด ต้องลงทะเบียนเรียนใหม่ ชำระค่าเทอมด้วยตนเอง หรือขอผ่อนผันด้วย UP 18 และเมื่อ กยศ. โอนเงินมายังมหาวิทยาลัย นิสิตจะได้รับเงินคืน แต่จะไม่มีการผ่อนผันด้วย กยศ. ให้"
440,"คำถาม: การดำเนินการทำแบบเบิกเงิน กยศ. ภาคเรียนที่ 2 สำหรับกลุ่มที่ได้รับการอนุมัติวันที่ 12 ตุลาคม 2568 ต้องทำอย่างไร คำตอบ: กลุ่มนี้อยู่ระหว่างรอการนำสัญญาเข้าสู่ระบบ ถ้านิสิตได้รับข้อความ สัญญาถูกยืนยันเรียบร้อยแล้ว ให้เข้าทำแบบเบิกเงินภาคเรียนที่ 2 ปีการศึกษา 2568 ทันที เอกสารที่ต้องส่งประกอบด้วย 1. แบบเบิกเงินกู้ยืม 2. สำเนาบัตรประชาชนนิสิต 3. สำเนาบัตรประชาชนผู้ปกครอง (กรณีอายุไม่ถึง 20 ปี) โดยสามารถส่งได้ทันทีหรือนำมาส่งช่วงเปิดเทอม แต่ต้องไม่เกินวันที่ 7 พฤศจิกายน 2568 ที่งานทุนการศึกษา อาคารสงวนเสริมศรี มหาวิทยาลัยพะเยา"
441,"คำถาม: นิสิตทุกคนต้องดำเนินการกู้ยืมภาคเรียนที่ 2 ปีการศึกษา 2568 อย่างไรบ้าง คำตอบ: กรณี 1 ยังไม่ได้ส่งแบบเบิกเงิน ภาคเรียนที่ 2 ให้ดำเนินการทำแบบเบิกเงินและนำส่ง ไม่เกิน 19 พ.ย. 68 กรณี 2 ส่งแบบเบิกเงินแล้ว แต่มหาวิทยาลัยยังไม่ได้ยืนยันในระบบ ให้นิสิตรอก่อน มหาวิทยาลัยอยู่ระหว่างดำเนินการยืนยันเอกสาร กรณี 3 ส่งแบบเบิกเงินแล้วและเอกสารผิด ให้ติดตามทางเพจ กยศ. มหาวิทยาลัยพะเยา เพื่อทำการแก้ไขและนำส่ง ไม่เกิน 19 พ.ย. 68"
442,"คำถาม: หากสถานะในระบบ กยศ. ขึ้นว่า อยู่ระหว่างรอนาม หลังจากที่มหาวิทยาลัยยืนยันแบบเบิกเงินภาคเรียนที่ 2 ครบทุกคนแล้ว ต้องทำอย่างไร คำตอบ: ให้นิสิตดำเนินการส่งเอกสารชุดใหม่ได้ถึงวันที่ 24 พฤศจิกายน 2568 โดยต้องนำมาส่งด้วยตนเองเท่านั้น เอกสารประกอบด้วย 1. แบบเบิกเงินกู้ยืม ภาคเรียนที่ 2 2. สำเนาบัตรประชาชนผู้กู้ยืม 3. สำเนาบัตรประชาชนผู้ปกครอง (กรณีอายุไม่ถึง 20 ปีบริบูรณ์)"
443,"คำถาม: ขั้นตอนการตรวจสอบชั่วโมงกิจกรรมจิตอาสาของผู้กู้ยืม กยศ. ทำอย่างไร คำตอบ: 1. เข้าสู่ระบบ https://studentservices.up.ac.th/ หรือสแกน QR code 2. เลือกระเบียนนิสิต 3. เลือกข้อมูลส่วนตัว 4. เลือกชั่วโมงกิจกรรม 5. ดูจำนวนชั่วโมงจิตอาสาที่จะใช้ยื่นในปีถัดไปตามระยะเวลาที่กำหนด 6. ตรวจสอบจำนวนชั่วโมงรวม โดยต้องมีอย่างน้อย 36 ชั่วโมง จึงจะสามารถกู้ยืมฯ ในปีถัดไปได้"
444,"คำถาม: ผู้กู้ยืม กยศ. ต้องเตรียมตัวอย่างไรสำหรับการผ่อนผันค่าเล่าเรียน คำตอบ: ผู้กู้ยืมที่ส่งสัญญา แบบเบิกเงินตามกำหนด จะได้รับการตรวจสอบสิทธิ์ หากไม่มีเครื่องหมายถูกสีเขียวใน REG ให้ติดต่อหน่วยงานทุนฯ โทร 054666666 ต่อ 6270/6271/6272 หากมีเครื่องหมายถูกแปลว่าได้รับการผ่อนผันเรียบร้อย ส่วนผู้กู้รายใหม่/รายเก่าเปลี่ยนระดับ(ปี 1)/เกินหลักสูตร/คู่ขนานปีสุดท้ายที่อยู่ระหว่างกองทุนพิจารณา ต้องผ่อนผันด้วย UP 18 ใน REG ภายในวันที่ 27 ต.ค. - 3 พ.ย. 68 หรือสำรองจ่าย หากได้รับอนุมัติจะได้รับเงินคืน และผู้กู้ยืมที่ส่งสัญญาไม่ทันตามกำหนด ต้องสำรองจ่ายค่าเทอมด้วยตนเอง และจะได้รับเงินค่าเทอมคืนหลังจากกองทุนโอนเงินให้มหาวิทยาลัย"
445,"คำถาม: การจัดทำสัญญาและแบบเบิกเงิน กยศ. ภาคเรียนที่ 1 สำหรับผู้กู้รายใหม่หรือรายเก่าเปลี่ยนระดับ ต้องเตรียมเอกสารอะไรและส่งเมื่อไหร่ คำตอบ: นิสิตต้องเตรียมเอกสารดังนี้ 1. สัญญากู้ยืมเงินกู้ยืมเพื่อการศึกษา 2 ฉบับ 2. แบบยืนยันการเบิกเงินกู้ยืม ภาคเรียนที่ 1 จำนวน 2 ฉบับ 3. สำเนาบัตรประชาชนผู้กู้ยืม 1 ฉบับ 4. สำเนาบัตรประชาชนผู้แทนโดยชอบธรรมกรณีอายุไม่ถึง 20 ปีบริบูรณ์ 1 ฉบับ กำหนดส่งวันที่ 19-25 ตุลาคม 2568 ณ ห้องงานทุนการศึกษา อาคารสงวนเสริมศรี หากไม่ส่งตามกำหนดจะถูกยกเลิกการผ่อนผันและต้องชำระค่าเทอมด้วยตนเอง"
446,"คำถาม: กำหนดการส่งสัญญากู้ยืมและแบบเบิกเงิน กยศ. ภาคเรียนที่ 1 สำหรับนิสิตปี 1 และรายใหม่ มีการขยายเวลาถึงวันไหน คำตอบ: กองทุนได้ขยายเวลาให้นิสิตส่งเอกสารสัญญากู้ยืมและแบบยืนยันเบิกเงินภาคเรียนที่ 1/2568 โดยสามารถส่งได้ถึงวันที่ 30 ตุลาคม 2568 เวลา 16.30 น. สำหรับผู้ที่ส่งเอกสารผิดสามารถแก้ไขและนำมาส่งใหม่ได้ภายในกำหนดเวลานี้"
447,"คำถาม: ผู้กู้ยืม กยศ. ภาคเรียนที่ 2 ที่ได้รับการอนุมัติเมื่อวันที่ 12 ตุลาคม 2568 ต้องดำเนินการอย่างไรเพื่อทำแบบเบิกเงิน คำตอบ: ให้นิสิตรอทางกองทุนส่วนกลางตรวจสอบและนำสัญญาเข้าระบบก่อน หากสถานะในระบบขึ้นข้อความว่า สัญญาถูกยืนยันเรียบร้อยแล้ว นิสิตจึงจะสามารถดำเนินการทำแบบเบิกเงินกู้ยืมของภาคเรียนที่ 2 ได้"